,spa,fre
0,aboliða,aboli
1,aboliðo,aboli
2,abɾil,avʁil
3,absoluta,absoly
4,abstɾakta,abstʁɛt
5,absuɾðo,absyʁd
6,akaðemjas,akademi
7,akaðemiko,akademik
8,aksesible,aksɛsibl
9,aksiðental,aksidɑ̃tɛl
10,aksiðentalmente,aksidɑ̃tɛləmɑ̃
11,asepta,aksɛpt
12,aseptaɾ,aksɛpte
13,akompaɲaɾ,akɔ̃paɲe
14,aktituðes,atityd
15,aktibaðo,aktive
16,aktibamente,aktivəmɑ̃
17,aktibos,aktif
18,aktos,akt
19,akwaɾjo,akwaʁjɔm
20,akweɾðos,akɔʁ
21,akusasiones,akyzasjɔ̃
22,aðaptasiones,adaptasjɔ̃
23,aðministɾaðoɾ,administʁatœʁ
24,aðministɾaðoɾes,administʁatœʁ
25,aðministɾatiba,administʁativ
26,aðministɾatibamente,administʁativəmɑ̃
27,aðministɾatibas,administʁativ
28,aðmiɾasion,admiʁasjɔ̃
29,aðolessentes,adolɛsɑ̃
30,aðkisisiones,akizisjɔ̃
31,aðwana,dwan
32,aðwanas,dwan
33,aeɾopweɾtos,aeʁopɔʁ
34,afɣano,afɡɑ̃
35,afɾikano,afʁikɛ̃
36,axensias,aʒɑ̃s
37,aɣɾesiba,aɡʁɛsiv
38,aɣɾesibo,aɡʁɛsif
39,aɣɾikultoɾes,aɡʁikyltœʁ
40,aɣɾikola,aɡʁikɔl
41,albanesa,albanɛz
42,alemanas,aləmɑ̃d
43,alemanes,aləmɑ̃
44,aleman,aləmɑ̃
45,alimentaða,alimɑ̃te
46,alimentaɾja,alimɑ̃tɛʁ
47,altamente,otəmɑ̃
48,alteɾna,altɛʁn
49,alteɾnansia,altɛʁnɑ̃s
50,alteɾnatiba,altɛʁnativ
51,alteɾnatibas,altɛʁnativ
52,amenasaɾ,mənase
53,ameɾikanos,ameʁikɛ̃
54,amiɣas,ami
55,analista,analist
56,analistas,analist
57,analoxia,analoʒi
58,analitikos,analitik
59,analoxikas,analoʒik
60,anaɾkistas,anaʁʃist
61,anɣlikano,ɑ̃ɡlikɑ̃
62,anɣlosaxona,ɑ̃ɡlo-saksɔn
63,anɣlosaxones,ɑ̃ɡlo-saksɔ̃
64,anɣlosaxon,ɑ̃ɡlo-saksɔ̃
65,anxelika,ɑ̃ʒelik
66,animaðos,anime
67,animal,animal
68,anibeɾsaɾjo,anivɛʁsɛʁ
69,antaɣonistas,ɑ̃taɡonist
70,antenas,ɑ̃tɛn
71,antibjotikos,ɑ̃tibjotik
72,antisipaða,ɑ̃tisipe
73,antisipaðas,ɑ̃tisipe
74,antikweɾpos,ɑ̃tikɔʁ
75,antisemitas,ɑ̃tisemit
76,antɾopoloxia,ɑ̃tʁopoloʒi
77,antɾopoloɣo,ɑ̃tʁopolɔɡ
78,anwal,ɑnɥɛl
79,anwales,ɑnɥɛl
80,apaɾentemente,apaʁamɑ̃
81,apɾenden,apʁɛn
82,apɾopjaðos,apʁopʁije
83,aɾbitɾaɾja,aʁbitʁɛʁ
84,aɾt͡ʃibos,aʁʃiv
85,aɾmaðos,aʁme
86,aɾmamentos,aʁməmɑ̃
87,aɾmas,aʁm
88,aɾomas,aʁom
89,arestos,aʁɛstasjɔ̃
90,aɾteɾjal,aʁteʁjɛl
91,aɾteɾjas,aʁtɛʁ
92,aɾtesanal,aʁtizanal
93,aɾtesanales,aʁtizanal
94,aɾtifisialmente,aʁtifisjɛləmɑ̃
95,aɾtistas,aʁtist
96,aɾtistikas,aʁtistik
97,asalaɾjaðos,salaʁje
98,asesinos,asasɛ̃
99,asistentes,asistɑ̃
100,aspektos,aspɛ
101,astɾonauta,astʁonot
102,astɾonomika,astʁonomik
103,astɾonomikas,astʁonomik
104,atentaðos,atɑ̃ta
105,atletas,atlɛt
106,atmosfeɾikos,atmosfeʁik
107,atɾibutos,atʁiby
108,ausente,absɑ̃
109,austɾaljano,ostʁaljɛ̃
110,autobuses,otobys
111,automatika,otomatik
112,automatikamente,otomatikmɑ̃
113,automobil,otomobil
114,autoɾes,otœʁ
115,autoɾiðaðes,otoʁite
116,autoɾisaðo,otoʁize
117,autoɾisaðos,otoʁize
118,abentuɾa,avɑ̃tyʁ
119,abjon,avjɔ̃
120,aksjomas,aksjom
121,aeɾeos,aeʁjɛ̃
122,bakteɾja,bakteʁi
123,balansa,balɑ̃s
124,balas,bal
125,balkon,balkɔ̃
126,baʝenas,balɛn
127,balon,balɔ̃
128,bankaɾjas,bɑ̃kɛʁ
129,bandiðos,bɑ̃di
130,bankeɾo,bɑ̃kje
131,bankeɾos,bɑ̃kje
132,baɾba,baʁb
133,baɾones,baʁɔ̃
134,barikaðas,baʁikad
135,bastjones,bastjɔ̃
136,bataʝa,bataj
137,bataʝas,bataj
138,bataʝon,batajɔ̃
139,bateɾija,batəʁi
140,belɣas,bɛlʒ
141,beneðiktina,benediktin
142,benefisiaɾjo,benefisjɛʁ
143,bibljoteka,biblijɔtɛk
144,biʝetes,bijɛ
145,bjoðibeɾsiðað,bjodivɛʁsite
146,bjoloxia,bjoloʒi
147,bjoloxikas,bjoloʒik
148,bjomasa,bjomas
149,bisantinas,bizɑ̃tin
150,blanka,blɑ̃ʃ
151,blankos,blɑ̃
152,blindaðo,blɛ̃de
153,blindaðos,blɛ̃de
154,blokea,blɔk
155,blokeaɾ,bloke
156,boikot,bɔjkɔt
157,bolt͡ʃebikes,bɔlʃevik
158,boletin,bylətɛ̃
159,bombaɾðeaðo,bɔ̃baʁde
160,bombaɾðeo,bɔ̃baʁdəmɑ̃
161,bombaɾðeos,bɔ̃baʁdəmɑ̃
162,bombaɾðeɾos,bɔ̃baʁdje
163,boɾðean,bɔʁd
164,botas,bɔt
165,boteʝa,butɛj
166,boteʝas,butɛj
167,bɾebemente,bʁijɛvəmɑ̃
168,bɾiɣaða,bʁiɡadje
169,bɾiɣaðas,bʁiɡad
170,bɾiʝa,bʁij
171,bɾutal,bʁytal
172,buðismo,budism
173,bufon,bufɔ̃
174,bulɣaɾa,bylɡaʁ
175,bulɣaɾos,bylɡaʁ
176,bunkeɾ,bunkɛʁ
177,kabina,kabin
178,kaðabeɾ,kadavʁ
179,kalkulaða,kalkyle
180,kalendaɾjos,kalɑ̃dʁije
181,kaloɾ,ʃalœʁ
182,kalbaɾjo,kalvɛʁ
183,kamaɾaðas,kamaʁad
184,kampaɲas,kɑ̃paɲ
185,kampeon,ʃɑ̃pjɔ̃
186,kansiones,ʃɑ̃sɔ̃
187,kandiðata,kɑ̃didat
188,kandiðato,kɑ̃dida
189,kandiðatuɾas,kɑ̃didatyʁ
190,kanonisasion,kanonizasjɔ̃
191,kantan,ʃɑ̃t
192,kantones,kɑ̃tɔ̃
193,kantoɾ,ʃɑ̃tʁ
194,kanton,kɑ̃tɔ̃
195,kapiʝas,ʃapɛl
196,kapitales,kapito
197,kapitalismo,kapitalism
198,kapitalista,kapitalist
199,kapitanes,kapitɛn
200,kaɾabineɾos,kaʁabinje
201,kaɾakteɾisa,kaʁakteʁiz
202,kaɾakteɾisasion,kaʁakteʁizasjɔ̃
203,kaɾakteɾisan,kaʁakteʁiz
204,kaɾakteɾisaɾ,kaʁakteʁize
205,kaɾakteɾistikas,kaʁakteʁistik
206,kaɾbono,kaʁbɔn
207,kaɾbon,ʃaʁbɔ̃
208,kaɾɣa,ʃaʁʒ
209,kaɾɣas,ʃaʁʒ
210,kaɾisma,kaʁism
211,kaɾismatiko,kaʁismatik
212,kaɾniboɾos,kaʁnivɔʁ
213,kareɾa,kaʁjɛʁ
214,kaɾtoɣɾafja,kaʁtoɡʁafi
215,kaɾtut͡ʃos,kaʁtuʃ
216,kasta,kast
217,katalan,katalɑ̃
218,katastɾo,kadastʁ
219,katesismo,kateʃism
220,kateðɾales,katedʁal
221,kateɣoɾja,kateɡoʁi
222,katoɾse,katɔʁz
223,katastɾofe,katastʁɔf
224,katastɾofes,katastʁɔf
225,kaɲones,kanɔ̃
226,selulaɾ,sɛlylɛʁ
227,semento,simɑ̃
228,sensuɾa,sɑ̃syʁ
229,sentɾalisaðo,sɑ̃tʁalize
230,sentɾo,sɑ̃tʁ
231,seɾeales,seʁeal
232,seɾemonjas,seʁemoni
233,seɾesas,səʁiz
234,seɾtifikaðo,sɛʁtifika
235,t͡ʃampan,ʃɑ̃paɲ
236,t͡ʃilena,ʃiljɛn
237,t͡ʃileno,ʃiljɛ̃
238,t͡ʃinas,ʃinwaz
239,t͡ʃino,ʃinwa
240,t͡ʃipɾjota,ʃipʁijɔt
241,t͡ʃokes,ʃɔk
242,siklismo,siklism
243,siensia,sjɑ̃s
244,siensias,sjɑ̃s
245,sientifikos,sjɑ̃tifik
246,sieɾta,sɛʁtɛn
247,sintuɾones,sɛ̃tyʁ
248,sinetika,sinetik
249,siɾkwito,siʁkɥi
250,siɾkwitos,siʁkɥi
251,siɾkulasion,siʁkylasjɔ̃
252,siɾkulaɾ,siʁkyle
253,siɾkunstansias,siʁkɔ̃stɑ̃s
254,klandestinamente,klɑ̃dɛstinəmɑ̃
255,klandestiniðað,klɑ̃dɛstinite
256,klandestinos,klɑ̃dɛstɛ̃
257,klaɾamente,klɛʁəmɑ̃
258,klaɾas,klɛʁ
259,klaɾos,klɛʁ
260,klabos,klu
261,klemensia,klemɑ̃s
262,kljentela,klijɑ̃tɛl
263,klima,klima
264,kloɾo,klɔʁ
265,kloɾuɾo,kloʁyʁ
266,koalision,koalisjɔ̃
267,kokaina,kokain
268,kokoðɾilo,kʁokodil
269,kokoðɾilos,kʁokodil
270,koefisientes,koɛfisjɑ̃
271,koeɾente,koeʁɑ̃t
272,koesjon,koezjɔ̃
273,kolinas,kolin
274,kolisjon,kolizjɔ̃
275,kolombjana,kolɔ̃bjɛn
276,kolonjal,kolonjal
277,kolonjalismo,kolonjalism
278,kolonisasion,kolonizasjɔ̃
279,kolonisaðo,kolonize
280,koloɾantes,koloʁɑ̃
281,koloɾiðo,koloʁe
282,komandante,komɑ̃dɑ̃
283,komandantes,komɑ̃dɑ̃
284,komando,komɑ̃do
285,kombina,kɔ̃bin
286,kombinasiones,kɔ̃binɛzɔ̃
287,kombustjon,kɔ̃bystjɔ̃
288,komentaɾistas,komɑ̃tatœʁ
289,komeɾsialisaða,komɛʁsjalize
290,komeɾsialisaɾ,komɛʁsjalize
291,komisaɾjos,komisɛʁ
292,komisjones,komisjɔ̃
293,kompaɾaɾ,kɔ̃paʁe
294,kompaɾatiba,kɔ̃paʁativ
295,kompatibiliðað,kɔ̃patibilite
296,kompatɾjota,kɔ̃patʁijɔt
297,kompensaɾ,kɔ̃pɑ̃se
298,kompetente,kɔ̃petɑ̃t
299,kompetisiones,kɔ̃petisjɔ̃
300,komplexa,kɔ̃plɛks
301,komplementan,kɔ̃plɛt
302,komplementaɾ,kɔ̃plete
303,komplementaɾjas,kɔ̃plemɑ̃tɛʁ
304,komplementos,kɔ̃plemɑ̃
305,kompleta,kɔ̃plɛt
306,komplikasiones,kɔ̃plikasjɔ̃
307,komplisiðað,kɔ̃plisite
308,komponen,kɔ̃poz
309,kompoɾtamjento,kɔ̃pɔʁtəmɑ̃
310,kompoɾtamjentos,kɔ̃pɔʁtəmɑ̃
311,komposisiones,kɔ̃posisjɔ̃
312,kompositoɾ,kɔ̃positœʁ
313,kompositoɾes,kɔ̃positœʁ
314,kompɾendeɾ,kɔ̃pʁɑ̃dʁ
315,kompɾensjon,kɔ̃pʁeɑ̃sjɔ̃
316,komunikasiones,komynikasjɔ̃
317,komunikasion,komynikasjɔ̃
318,komunistas,komynist
319,komunitaɾja,komynotɛʁ
320,komunitaɾjas,komynotɛʁ
321,komun,komyn
322,komunmente,komynemɑ̃
323,konsepto,kɔ̃sɛpt
324,konsesjonaɾjo,kɔ̃sɛsjonɛʁ
325,konsiensia,kɔ̃sjɑ̃s
326,konsieɾtos,kɔ̃sɛʁ
327,konsiljasion,kɔ̃siljasjɔ̃
328,konsiljaɾ,kɔ̃silje
329,konkɾetas,kɔ̃kʁɛt
330,kondenando,kɔ̃danɑ̃
331,kondensasion,kɔ̃dɑ̃sasjɔ̃
332,kondukta,kɔ̃dɥit
333,konduktibiðað,kɔ̃dyktivite
334,konduktoɾes,kɔ̃dyktœʁ
335,konfeðeɾasion,kɔ̃fedeʁasjɔ̃
336,konfjansa,kɔ̃fjɑ̃s
337,konfjeɾe,kɔ̃fɛʁ
338,konfjeɾen,kɔ̃fɛʁ
339,konfinamjento,kɔ̃finəmɑ̃
340,konfiɾma,kɔ̃fiʁm
341,konfiɾmaðo,kɔ̃fiʁme
342,konfiɾmaɾ,kɔ̃fiʁme
343,konfiskasion,kɔ̃fiskasjɔ̃
344,konflikto,kɔ̃fli
345,konfliktos,kɔ̃fli
346,konfɾontasiones,kɔ̃fʁɔ̃tasjɔ̃
347,konfɾontaɾ,kɔ̃fʁɔ̃te
348,konfusjones,kɔ̃fyzjɔ̃
349,konfusjon,kɔ̃fyzjɔ̃
350,konmemoɾatibas,komemoʁativ
351,konkista,kɔ̃kɛt
352,konsaɣɾasion,kɔ̃sekʁasjɔ̃
353,konsekutibo,kɔ̃sekytiv
354,konsekutibos,kɔ̃sekytiv
355,konsexeɾos,kɔ̃sɛje
356,konsexo,kɔ̃sɛj
357,konsenso,kɔ̃sɑ̃sys
358,konsentimjento,kɔ̃sɑ̃tmɑ̃
359,konseɾbasion,kɔ̃sɛʁvasjɔ̃
360,konseɾbaðoɾ,kɔ̃sɛʁvatœʁ
361,konsiðeɾables,kɔ̃sideʁabl
362,konsiðeɾasiones,kɔ̃sideʁasjɔ̃
363,konsiðeɾando,kɔ̃sideʁɑ̃
364,konsoliðasion,kɔ̃solidasjɔ̃
365,konspiɾasion,kɔ̃spiʁasjɔ̃
366,konstitwiðos,kɔ̃stitɥe
367,konstɾuksion,kɔ̃stʁyksjɔ̃
368,konsulaðo,kɔ̃syla
369,konsultaðo,kɔ̃sylte
370,konsultaɾ,kɔ̃sylte
371,konsultibo,kɔ̃syltatif
372,konsumen,kɔ̃sɔm
373,kontempoɾaneas,kɔ̃tɑ̃poʁɛn
374,konteneðoɾes,kɔ̃tənœʁ
375,konteksto,kɔ̃tɛkst
376,kontjene,kɔ̃tjɛ̃
377,kontinental,kɔ̃tinɑ̃tal
378,kontinente,kɔ̃tinɑ̃
379,kontinentes,kɔ̃tinɑ̃
380,kontɾabando,kɔ̃tʁəbɑ̃d
381,kontɾaksion,kɔ̃tʁaksjɔ̃
382,kontɾaðiktoɾja,kɔ̃tʁadiktwaʁ
383,kontɾasta,kɔ̃tʁast
384,kontɾato,kɔ̃tʁa
385,kontɾatos,kɔ̃tʁa
386,kontɾolan,kɔ̃tʁol
387,kontɾolaɾ,kɔ̃tʁole
388,kontɾoles,kɔ̃tʁol
389,kontɾobeɾtiðas,kɔ̃tʁovɛʁse
390,kontɾobeɾtiðo,kɔ̃tʁovɛʁse
391,konbensional,kɔ̃vɑ̃sjonɛl
392,konbeɾxen,kɔ̃vɛʁʒ
393,konbeɾxensia,kɔ̃vɛʁʒɑ̃s
394,konbiksion,kɔ̃viksjɔ̃
395,koopeɾaɾ,koopeʁe
396,koopeɾatibas,koopeʁativ
397,kooɾðinaɾ,koɔʁdone
398,kopjas,kopi
399,koɾðon,kɔʁdɔ̃
400,koɾeana,koʁeɛn
401,koɾona,kuʁɔn
402,koreksiones,koʁɛksjɔ̃
403,korexiɾ,koʁiʒe
404,korupsion,koʁypsjɔ̃
405,koɾsaɾjos,kɔʁsɛʁ
406,koɾtexo,kɔʁtɛʒ
407,koɾto,kuʁ
408,kosmopolita,kosmopolit
409,kosmetikos,kosmetik
410,koste,ku
411,kosteɾos,kotje
412,kostumbɾes,kutym
413,kɾepuskulo,kʁepyskyl
414,kɾjatuɾas,kʁeatyʁ
415,kɾimen,kʁim
416,kɾiminales,kʁiminɛl
417,kɾitikan,kʁitik
418,kɾoata,kʁoat
419,kɾoatas,kʁoat
420,kwalifikasion,kalifikasjɔ̃
421,kwantifikasion,kɑ̃tifikasjɔ̃
422,kwantitatiba,kɑ̃titativ
423,kwaɾtas,kaʁ
424,kubana,kybɛn
425,kubano,kybɛ̃
426,kubjeɾtos,kuvɛʁ
427,kubɾiɾ,kuvʁiʁ
428,kwestjones,kɛstjɔ̃
429,kulinaɾjas,kylinɛʁ
430,kulpabiliðað,kylpabilite
431,kultibaðo,kyltive
432,kultibaðos,kyltive
433,kultibaɾ,kyltive
434,kulto,kylt
435,kultuɾal,kyltyʁɛl
436,kultuɾales,kyltyʁɛl
437,kwotas,kota
438,kalkulo,kalkyl
439,kalkulos,kalkyl
440,komplise,kɔ̃plis
441,konsul,kɔ̃syl
442,konsules,kɔ̃syl
443,danes,danwa
444,dataðos,date
445,debate,deba
446,debates,deba
447,desenjos,deseni
448,desepsion,desɛpsjɔ̃
449,desiðe,desid
450,desiðen,desid
451,desiðiɾ,deside
452,desisjones,desizjɔ̃
453,desisibo,desizif
454,deklaɾasion,deklaʁasjɔ̃
455,deklaɾaɾ,deklaʁe
456,dekɾeto,dekʁɛ
457,dekɾetos,dekʁɛ
458,deðuksion,dedyksjɔ̃
459,defensas,defɑ̃s
460,defensibas,defɑ̃siv
461,definision,definisjɔ̃
462,definiðo,defini
463,definitibamente,definitivəmɑ̃
464,deɣustasion,deɡystasjɔ̃
465,delibeɾasiones,delibeʁasjɔ̃
466,delimitasion,delimitasjɔ̃
467,demaɾkasion,demaʁkasjɔ̃
468,demokɾatisasion,demokʁatizasjɔ̃
469,demostɾasiones,demɔ̃stʁasjɔ̃
470,demostɾasion,demɔ̃stʁasjɔ̃
471,demokɾata,demokʁat
472,demokɾatas,demokʁat
473,densamente,dɑ̃semɑ̃
474,densiðað,dɑ̃site
475,dentista,dɑ̃tist
476,depaɾtamento,depaʁtəmɑ̃
477,dependensia,depɑ̃dɑ̃s
478,depoɾtasion,depɔʁtasjɔ̃
479,depoɾte,spɔʁ
480,depoɾtibos,spɔʁtif
481,depɾesjon,depʁɛsjɔ̃
482,desastɾosa,dezastʁœz
483,deskalifikasion,diskalifikasjɔ̃
484,deskomposision,dekɔ̃pozisjɔ̃
485,deskɾipsion,dɛskʁipsjɔ̃
486,desespeɾaðamente,dezɛspeʁemɑ̃
487,desfaboɾables,defavoʁabl
488,desjeɾto,dezɛʁ
489,desiɣnaba,deziɲɛ
490,desiɣnasion,deziɲasjɔ̃
491,desiɣnaðos,deziɲe
492,desmantelaðo,demɑ̃təle
493,destilasion,distilasjɔ̃
494,destinataɾjo,dɛstinatɛʁ
495,destinos,dɛstinasjɔ̃
496,destɾuktibo,dɛstʁyktœʁ
497,destɾwiðos,detʁɥi
498,destɾwiɾ,detʁɥiʁ
499,deteɾminante,detɛʁminɑ̃
500,deteɾminaɾ,detɛʁmine
501,detɾaktoɾes,detʁaktœʁ
502,detɾimento,detʁimɑ̃
503,djabetes,djabɛt
504,djaɣnostiko,djagnostik
505,djaɣɾama,djaɡʁɑm
506,djentes,dɑ̃
507,difamasion,difamasjɔ̃
508,difeɾensia,difeʁɑ̃s
509,difikultaðes,difikylte
510,difɾaksion,difʁaksjɔ̃
511,difunta,defɛ̃t
512,dixestibo,diʒɛstif
513,diɣnataɾjos,diɲitɛʁ
514,dimensjon,dimɑ̃sjɔ̃
515,dinamita,dinamit
516,dinosauɾjos,dinozɔʁ
517,diplomasia,diplomasi
518,diplomatika,diplomatik
519,diputasion,depytasjɔ̃
520,diɾeksion,diʁɛksjɔ̃
521,diɾekta,diʁɛkt
522,diɾektibas,diʁɛktiv
523,diɾekto,diʁɛkt
524,diɾektoɾ,diʁɛktœʁ
525,diɾektoɾes,diʁɛktœʁ
526,diɾixentes,diʁiʒɑ̃
527,dissiplinaɾjo,disiplinɛʁ
528,dissiplinas,disiplin
529,diskoɾðja,diskɔʁd
530,diskɾeto,diskʁɛ
531,diskɾiminasion,diskʁiminasjɔ̃
532,disiðensia,disidɑ̃s
533,disminusion,diminysjɔ̃
534,disolusion,disolysjɔ̃
535,dispeɾsjon,dispɛʁsjɔ̃
536,disponibiliðað,disponibilite
537,dispositibos,dispositif
538,disputaða,dispyte
539,disputan,dispyt
540,distansia,distɑ̃s
541,distɾibusion,distʁibysjɔ̃
542,distɾibwiða,distʁibɥe
543,distɾibwiðoɾ,distʁibytœʁ
544,distɾibwiðoɾes,distʁibytœʁ
545,distɾibwiɾ,distʁibye
546,dibeɾsifikaða,divɛʁsifje
547,dibiðe,diviz
548,dibina,divin
549,dibinas,divin
550,dibisas,dəviz
551,dibisjones,divisjɔ̃
552,diboɾsiaðo,divɔʁse
553,diboɾsio,divɔʁs
554,djaloɣo,djalɔɡ
555,doble,dubl
556,doktoɾaðo,dɔktoʁa
557,dokumental,dokymɑ̃tɛʁ
558,dokumento,dokymɑ̃
559,doloɾ,dulœʁ
560,domisiljo,domisil
561,dominasion,dominasjɔ̃
562,dominan,dominɑ̃
563,domestikos,domɛstik
564,donantes,donatœʁ
565,doɾmiðo,ɑ̃dɔʁmi
566,dotaɾ,dote
567,dɾamatikas,dʁamatik
568,dunas,dyn
569,dolaɾ,dolaʁ
570,ekonomistas,ekonomist
571,eðukatibos,edykatif
572,efikases,ɛfikas
573,exekusiones,ɛɡzekysjɔ̃
574,exekutiba,ɛɡzekytiv
575,exemplo,ɛgzɑ̃pl
576,exeɾsisio,ɛgzɛʁsis
577,eleksiones,elɛksjɔ̃
578,elektɾomaɣnetika,elɛktʁomaɲetik
579,eleɣante,eleɡɑ̃t
580,elementos,elemɑ̃
581,emeɾxentes,emɛʁʒɑ̃
582,eminente,eminɑ̃
583,empleaðoɾes,ɑ̃plwajœʁ
584,enkaɾna,ɛ̃kaʁn
585,enkaɾnaɾ,ɛ̃kaʁne
586,endemikas,ɑ̃demik
587,eneɾxetikas,enɛʁʒetik
588,enɾikeseɾ,ɑ̃ʁiʃiʁ
589,enɾikesiðo,ɑ̃ʁiʃi
590,ensalaða,salad
591,enteɾas,ɑ̃tjɛʁ
592,enteɾos,ɑ̃tje
593,enteraðas,ɑ̃tɛʁe
594,enbjaðos,ɑ̃vwaje
595,episoðjo,epizɔd
596,episoðjos,epizɔd
597,ekilibɾaða,ekilibʁe
598,ekilibɾaðo,ekilibʁe
599,ekilibɾjo,ekilibʁ
600,ekipaɾ,ekipe
601,erante,ɛʁɑ̃
602,eroɾes,ɛʁœʁ
603,eɾupsiones,eʁypsjɔ̃
604,eskandinaba,skɑ̃dinav
605,esklabos,ɛsklav
606,eskolaɾes,skolɛʁ
607,eskolaɾisasion,skolaʁizasjɔ̃
608,eskɾito,ekʁi
609,eskɾitos,ekʁi
610,eskultuɾas,skyltyʁ
611,eskaneɾ,skɑne
612,eslabas,slav
613,espasiales,spasjal
614,espasios,ɛspas
615,espaɲola,ɛspaɲɔl
616,espesialista,spesjalist
617,espesialisasion,spesjalizasjɔ̃
618,espesies,ɛspɛs
619,espesifisiðað,spesifisite
620,espektakulaɾ,spɛktakylɛʁ
621,espektaðoɾes,spɛktatœʁ
622,espektɾo,spɛktʁ
623,espekulasiones,spekylasjɔ̃
624,espeɾma,spɛʁm
625,espiɾal,spiʁal
626,espiɾitwales,spiʁitɥɛl
627,estabiliðað,stabilite
628,estabilisaɾ,stabilize
629,estasionamjento,stasjɔnəmɑ̃
630,estasionaɾjo,stasjonɛʁ
631,estatwa,staty
632,estatwas,staty
633,estatutos,staty
634,este-oeste,ɛst-wɛst
635,estimasiones,ɛstimasjɔ̃
636,estibal,ɛstival
637,estɾatexias,stʁateʒi
638,estɾatexikas,stʁateʒik
639,estɾiktamente,stʁiktəmɑ̃
640,estɾiktas,stʁikt
641,estɾikto,stʁikt
642,estɾuktuɾa,stʁyktyʁ
643,estɾuktuɾasion,stʁyktyʁasjɔ̃
644,estɾuktuɾaðo,stʁyktyʁe
645,estɾuktuɾas,stʁyktyʁ
646,estɾes,stʁɛs
647,estuðjante,etydjɑ̃
648,estuðjantes,etydjɑ̃
649,esteɾil,steʁil
650,euɾopeas,œʁopeɛn
651,ebalwasiones,evalɥasjɔ̃
652,eksaktamente,ɛgzaktəmɑ̃
653,ekssepsionales,ɛksɛpsjonɛl
654,ekssepsiones,ɛksɛpsjɔ̃
655,ekssesos,ɛksɛ
656,eksklwiða,ɛkskly
657,eksixensias,ɛgziʒɑ̃s
658,ekspeɾto,ɛkspɛʁ
659,eksplikasiones,ɛksplikasjɔ̃
660,eksploɾa,ɛksplɔʁ
661,eksplosiba,ɛksploziv
662,eksplosibos,ɛksplozif
663,eksplotaðos,ɛksplwate
664,eksplotan,ɛksplwatɑ̃
665,eksplisita,ɛksplicit
666,eksplisitamente,ɛksplicitəmɑ̃
667,eksplisitas,ɛksplicit
668,eksponensial,ɛksponɑ̃sjɛl
669,ekspoɾtasiones,ɛkspɔʁtasjɔ̃
670,ekspɾesamente,ɛkspʁɛsemɑ̃
671,ekspulsaðos,ɛkspylse
672,ekstɾakto,ɛkstʁɛ
673,ekstɾaktos,ɛkstʁɛ
674,ekstɾanxeɾos,etʁɑ̃ʒe
675,ekstɾaoɾðinaɾjas,ɛkstʁaɔʁdinɛʁ
676,ekstɾemas,ɛkstʁɛm
677,fabɾikasion,fabʁikasjɔ̃
678,fabɾikante,fabʁikɑ̃
679,faksiones,faksjɔ̃
680,faksion,faksjɔ̃
681,fasial,fasjal
682,fasilitaɾ,facilite
683,faktoɾes,faktœʁ
684,familja,famij
685,famosas,famœz
686,fantasma,fɑ̃tom
687,fassinasion,fasinasjɔ̃
688,fassinaðo,fasine
689,fassismo,faʃism
690,fassista,faʃist
691,fatal,fatal
692,fauna,fon
693,faboɾes,favœʁ
694,faboɾito,favoʁi
695,feðeɾasiones,fedeʁasjɔ̃
696,feðeɾal,fedeʁal
697,feðeɾalista,fedeʁalist
698,feðeɾalistas,fedeʁalist
699,femeninas,feminin
700,feminismo,feminism
701,feminista,feminist
702,feɾmentasion,fɛʁmɑ̃tasjɔ̃
703,ferobjaɾjas,fɛʁovjɛʁ
704,feɾtiliðað,fɛʁtilite
705,festin,fɛstɛ̃
706,fjabiliðað,fjabilite
707,fit͡ʃas,fiʃ
708,fit͡ʃeɾos,fiʃje
709,fiɣwɾaðo,fiɡyʁe
710,filipinas,filipin
711,filma,filme
712,filtɾos,filtʁ
713,finalistas,finalist
714,finansia,finɑ̃s
715,finansiaða,finɑ̃se
716,finansiaðos,finɑ̃se
717,finansieɾamente,finɑ̃sjɛʁəmɑ̃
718,finansieɾo,finɑ̃sje
719,finansieɾos,finɑ̃sje
720,finansas,finɑ̃s
721,finlandesa,fɛ̃lɑ̃dɛz
722,finlandeses,fɛ̃lɑ̃dɛ
723,flamenkas,flamɑ̃d
724,flanko,flɑ̃
725,flankeaða,flɑ̃ke
726,floɾa,flɔʁ
727,floɾes,flœʁ
728,flotas,flɔt
729,flotiʝa,flotij
730,fluktwasiones,flyktɥasjɔ̃
731,flwiðos,flɥid
732,foɾmasion,fɔʁmasjɔ̃
733,foɾmaðoɾ,fɔʁmatœʁ
734,foɾmalmente,fɔʁmɛləmɑ̃
735,foɾmas,fɔʁm
736,foɾmatos,fɔʁma
737,foɾtifikaðo,fɔʁtifje
738,foɾtifikaðos,fɔʁtifje
739,fosas,fos
740,fotos,foto
741,fɾaɣata,fʁeɡat
742,fɾaɣatas,fʁeɡat
743,fɾankos,fʁɑ̃
744,fɾanses,fʁɑ̃sɛ
745,fɾankista,fʁɑ̃kist
746,fɾateɾniðað,fʁatɛʁnite
747,fɾenaða,fʁɛnaʒ
748,fɾenos,fʁɛ̃
749,fɾonteɾa,fʁɔ̃tjɛʁ
750,fɾonteɾas,fʁɔ̃tjɛʁ
751,fɾustɾasion,fʁystʁasjɔ̃
752,fɾuta,fʁɥi
753,fɾutales,fʁɥitje
754,fweɾte,fɔʁt
755,funsionaliðað,fɔ̃ksjonalite
756,funsionamjento,fɔ̃ksjɔnəmɑ̃
757,funsionaɾ,fɔ̃ksjone
758,funsionaɾjo,fɔ̃ksjonɛʁ
759,fundamentales,fɔ̃damɑ̃to
760,fusiles,fyzi
761,fusjonaðo,fyzjɔne
762,fusjones,fyzjɔ̃
763,fusjon,fyzjɔ̃
764,futuɾos,fytyʁ
765,foɾmula,fɔʁmyl
766,foɾmulas,fɔʁmyl
767,fosil,fosil
768,ɡaleɾjas,ɡaləʁi
769,ɡalope,ɡalo
770,ɡanaɾ,ɡaɲe
771,ɡaɾantisa,ɡaʁɑ̃ti
772,xeneɾalista,ʒeneʁalist
773,xenjos,ʒeni
774,xeometɾikas,ʒeometʁik
775,xeoɾxiano,ʒeɔʁʒjɛ̃
776,xesto,ʒɛst
777,xestoɾ,ʒɛstjonɛʁ
778,xestoɾes,ʒɛstjonɛʁ
779,xestos,ʒɛst
780,xiɣantes,ʒeɑ̃
781,ɡlasiaɾes,ɡlasje
782,ɡloɾja,ɡlwaʁ
783,ɡlukosa,ɡlykoz
784,ɡɾaneɾo,ɡʁənje
785,ɡɾasa,ɡʁɛs
786,ɡɾatwitamente,ɡʁatɥitəmɑ̃
787,ɡɾjal,ɡʁal
788,ɡwantes,ɡɑ̃
789,ɡwaɾðjan,ɡaʁdjɛ̃
790,ɡera,ɡɛʁ
791,ɡeto,ɡɛto
792,ɡiaða,ɡide
793,ɡiaðo,ɡide
794,ɡiaɾ,ɡide
795,ɡiʝotina,ɡijotin
796,abitaðas,abite
797,abitaðo,abite
798,at͡ʃas,aʃ
799,ektaɾea,ɛktaʁ
800,elikopteɾos,elikɔptɛʁ
801,eɾbiboɾos,ɛʁbivɔʁ
802,eɾeðitaɾjas,eʁeditɛʁ
803,ʝndwes,ɛ̃du
804,ʝstoɾjas,istwaʁ
805,ʝstoɾikamente,istoʁikəmɑ̃
806,ʝstoɾikas,istoʁik
807,ombɾes,ɔm
808,omoxenea,omoʒɛn
809,omoloɣo,omolɔɡ
810,onoɾaɾjo,onoʁɛʁ
811,onoɾaɾjos,onoʁɛʁ
812,oɾmonas,ɔʁmɔn
813,ospitalaɾja,ospitalje
814,wmanista,ymanist
815,wmanistas,ymanist
816,abitat,abita
817,eɾoe,eʁo
818,wnɣaɾo,ɔ̃ɡʁwa
819,ibeɾika,ibeʁik
820,iðealmente,idealəmɑ̃
821,iðentiðað,idɑ̃tite
822,iðentiðaðes,idɑ̃tite
823,iðentifikaðo,idɑ̃tifje
824,iðeoloxias,ideoloʒi
825,iɣnoɾaðo,iɲoʁe
826,ileɣalmente,ileɡaləmɑ̃
827,ilustɾa,ilystʁ
828,ilustɾes,ilystʁ
829,impeɾatibo,ɛ̃peʁatif
830,implikasiones,ɛ̃plikasjɔ̃
831,implisita,ɛ̃plisit
832,impopulaɾ,ɛ̃popylɛʁ
833,impoɾtaðas,ɛ̃pɔʁte
834,impoɾtante,ɛ̃pɔʁtɑ̃
835,impɾesa,ɛ̃pʁime
836,inauɣwɾaða,inoɡyʁe
837,insieɾto,ɛ̃sɛʁtɛ̃
838,inkompleto,ɛ̃kɔ̃plɛ
839,inkuɾsjones,ɛ̃kyʁsjɔ̃
840,indefiniðamente,ɛ̃definimɑ̃
841,indikasiones,ɛ̃dikasjɔ̃
842,indikaðoɾ,ɛ̃dikatœʁ
843,indikaðoɾes,ɛ̃dikatœʁ
844,indjos,ɛ̃djɛ̃
845,indiɾektos,ɛ̃diʁɛkt
846,indibiðwalmente,ɛ̃dividɥɛləmɑ̃
847,industɾjales,ɛ̃dystʁijɛl
848,industɾjas,ɛ̃dystʁi
849,indixenas,ɛ̃diʒɛn
850,inefikas,inɛfikas
851,inebitable,inevitabl
852,infeksiones,ɛ̃fɛksjɔ̃
853,infeɾnal,ɛ̃fɛʁnal
854,inflwensia,ɛ̃flyɑ̃s
855,inflwensias,ɛ̃flyɑ̃s
856,influientes,ɛ̃flyɑ̃
857,infoɾmaðos,ɛ̃fɔʁme
858,infoɾmal,ɛ̃fɔʁmɛl
859,infɾaestɾuktuɾas,ɛ̃fʁastʁyktyʁ
860,inxenjeɾos,ɛ̃ʒenjœʁ
861,inɣɾeðjentes,ɛ̃ɡʁedjɑ̃
862,inmeðjatamente,imedjatəmɑ̃
863,inmobiljaɾja,imobiljɛʁ
864,inmoɾtales,imɔʁtɛl
865,inmunitaɾjo,imynitɛʁ
866,innobaðoɾas,inovɑ̃t
867,inosentes,inosɑ̃
868,insektos,ɛ̃sɛkt
869,inspiɾaða,ɛ̃spiʁe
870,instalasiones,ɛ̃stalasjɔ̃
871,instalaðos,ɛ̃stale
872,instansias,ɛ̃stɑ̃s
873,instantaneamente,ɛ̃stɑ̃tanemɑ̃
874,institusional,ɛ̃stitysjonɛl
875,institusionales,ɛ̃stitysjonɛl
876,instɾumento,ɛ̃stʁymɑ̃
877,insulaɾ,ɛ̃sylɛʁ
878,insulaɾes,ɛ̃sylɛʁ
879,intakto,ɛ̃takt
880,inteɣɾante,ɛ̃teɡʁɑ̃t
881,intelixente,ɛ̃tɛliʒɑ̃t
882,intensiones,ɛ̃tɑ̃sjɔ̃
883,inteɾaktiba,ɛ̃tɛʁaktiv
884,inteɾmeðjaɾjos,ɛ̃tɛʁmedjɛʁ
885,inteɾnas,ɛ̃tɛʁn
886,inteɾpɾetaðo,ɛ̃tɛʁpʁete
887,interumpiðo,ɛ̃tɛʁɔ̃py
888,intɾiɣas,ɛ̃tʁiɡ
889,inteɾpɾete,ɛ̃tɛʁpʁɛt
890,inteɾpɾetes,ɛ̃tɛʁpʁɛt
891,inbensiones,ɛ̃vɑ̃sjɔ̃
892,inbension,ɛ̃vɑ̃sjɔ̃
893,inbentaða,ɛ̃vɑ̃te
894,inbentaɾjos,ɛ̃vɑ̃tɛʁ
895,inbentoɾes,ɛ̃vɑ̃tœʁ
896,inbitasion,ɛ̃vitasjɔ̃
897,inbitaðos,ɛ̃vite
898,iɾani,iʁɑ̃njɛ̃
899,iɾlandesa,iʁlɑ̃dɛz
900,iɾlandesas,iʁlɑ̃dɛz
901,islamistas,islamist
902,isotopos,izotɔp
903,italjanas,italjɛn
904,italjano,italjɛ̃
905,xamon,ʒɑ̃bɔ̃
906,xapones,ʒaponɛ
907,xunɣla,ʒɛ̃ɡl
908,xuɾaðos,ʒyʁe
909,xuɾisðiksiones,ʒyʁidiksjɔ̃
910,xuɾispɾuðensia,ʒyʁispʁydɑ̃s
911,xuɾiðikamente,ʒyʁidikəmɑ̃
912,xustifikaɾ,ʒystifje
913,xobenes,ʒœn
914,kilometɾo,kilomɛtʁ
915,laboɾatoɾjos,laboʁatwaʁ
916,laɣwnas,lakyn
917,lansamjento,lɑ̃səmɑ̃
918,lansamjentos,lɑ̃səmɑ̃
919,latin,latɛ̃
920,lauɾeles,loʁje
921,lektoɾes,lɛktœʁ
922,leɣalmente,leɡaləmɑ̃
923,lexiones,leʒjɔ̃
924,lexislasiones,leʒislasjɔ̃
925,lexislaðoɾ,leʒislatœʁ
926,lexislatiba,leʒislativ
927,lexislatibo,leʒislatif
928,lexislatibos,leʒislatif
929,lexitimiðað,leʒitimite
930,lexitimos,leʒitim
931,lenɣwas,lɑ̃ɡ
932,lesbjana,lɛsbjɛn
933,lesbjanas,lɛsbjɛn
934,libaneses,libanɛ
935,libeɾalisasion,libeʁalizasjɔ̃
936,libɾas,livʁ
937,libɾeɾos,libʁɛʁ
938,lisensia,lisɑ̃s
939,liɣas,liɡ
940,limitaðos,limite
941,lineales,lineɛʁ
942,linɣwista,lɛ̃ɡɥist
943,lista,list
944,liteɾalmente,liteʁaləmɑ̃
945,liteɾatuɾa,liteʁatyʁ
946,litwano,litɥanjɛ̃
947,lokalisasion,lokalizasjɔ̃
948,lokalisaðas,lokalize
949,lokalisaðos,lokalize
950,lokalmente,lokaləmɑ̃
951,lokomotoɾa,lokomotiv
952,lokomotoɾas,lokomotiv
953,loxistikas,loʒistik
954,lonxituðes,lɔ̃ɡœʁ
955,limite,limit
956,limites,limit
957,lineas,liɲ
958,likiða,likid
959,likiðos,likid
960,maseðonjo,masedonjɛ̃
961,maðɾe,mɛʁ
962,maðɾes,mɛʁ
963,maðuɾasion,matyʁasjɔ̃
964,maɣnetiko,maɲetik
965,maɣnetikos,maɲetik
966,mandatos,mɑ̃da
967,manifestasiones,manifɛstasjɔ̃
968,manipulaɾ,manipyle
969,manwal,manɥɛl
970,makiʝaxe,makijaʒ
971,maɾaton,maʁatɔ̃
972,maɾsial,maʁsjal
973,maɾino,maʁɛ̃
974,maɾksismo,maʁksism
975,maɾksista,maʁksist
976,maɾitima,maʁitim
977,maɾitimas,maʁitim
978,masakɾe,masakʁ
979,masakɾes,masakʁ
980,maskulina,maskylin
981,masiba,masiv
982,mateɾjalismo,mateʁjalism
983,mateɾniðað,matɛʁnite
984,mausoleo,mozole
985,maioɾitaɾjos,maʒoʁitɛʁ
986,meandɾos,meɑ̃dʁ
987,meðjasion,medjasjɔ̃
988,meðikamento,medikamɑ̃
989,meðikamentos,medikamɑ̃
990,meðjebal,medjeval
991,meðiteranea,meditɛʁaneɛn
992,meðiteraneas,meditɛʁaneɛn
993,meðiteraneos,meditɛʁaneɛ̃
994,membɾana,mɑ̃bʁan
995,menswales,mɑ̃sɥɛl
996,mentaliðað,mɑ̃talite
997,menus,məny
998,metaluɾxia,metalyʁʒi
999,metamoɾfosis,metamɔʁfoz
1000,metɾos,mɛtʁ
1001,metɾopoli,metʁopɔl
1002,metɾopolis,metʁopɔl
1003,mjembɾos,mɑ̃bʁ
1004,miɣɾatoɾja,miɡʁatwaʁ
1005,miɣɾatoɾjos,miɡʁatwaʁ
1006,milisia,milis
1007,militansia,militɑ̃tism
1008,militante,militɑ̃
1009,militaɾes,militɛʁ
1010,miʝonaɾjo,miljonɛʁ
1011,miʝones,miljɔ̃
1012,miʝon,miljɔ̃
1013,minas,min
1014,minimalista,minimalist
1015,ministeɾjos,ministɛʁ
1016,ministɾos,ministʁ
1017,minoɾitaɾja,minoʁitɛʁ
1018,minoɾitaɾjas,minoʁitɛʁ
1019,minoɾja,minoʁite
1020,minuto,minyt
1021,minuskulas,minyskyl
1022,miseɾables,mizeʁabl
1023,misil,misil
1024,misjoneɾos,misjonɛʁ
1025,miksta,mikst
1026,mikstas,mikst
1027,mobiljaɾjo,mobilje
1028,moðaliðaðes,modalite
1029,moðelos,modɛl
1030,moðeɾna,modɛʁn
1031,moðeɾniðað,modɛʁnite
1032,moðeɾnisaɾ,modɛʁnize
1033,moðesta,modɛst
1034,moðifikasiones,modifikasjɔ̃
1035,moðifikasion,modifikasjɔ̃
1036,moðifikaða,modifje
1037,moðifikaðas,modifje
1038,molekulaɾes,molekylɛʁ
1039,molekula,molekyl
1040,molekulas,molekyl
1041,monetaɾja,monetɛʁ
1042,monxes,mwan
1043,monopoljo,monopɔl
1044,monstɾwo,mɔ̃stʁ
1045,moɾaliðað,moʁalite
1046,moɾalmente,moʁaləmɑ̃
1047,moɾtalmente,mɔʁtɛləmɑ̃
1048,moɾteɾo,mɔʁtje
1049,motoɾ,motœʁ
1050,motoɾes,motœʁ
1051,motoɾisasion,motoʁizasjɔ̃
1052,mobimjento,muvəmɑ̃
1053,mwebles,mœbl
1054,mweɾen,mœʁ
1055,mweɾtos,mɔʁ
1056,multiplika,myltipli
1057,multiplikasion,myltiplikasjɔ̃
1058,multiplikan,myltipli
1059,multiplisiðað,myltiplicite
1060,mundos,mɔ̃d
1061,museo,myze
1062,museos,myze
1063,musulman,myzylmɑ̃
1064,mutwas,mytɥɛl
1065,maɾxenes,maʁʒ
1066,maɾtiɾ,maʁtiʁ
1067,masteɾ,mastœʁ
1068,meɾitos,meʁit
1069,minimas,minimal
1070,moðulos,modyl
1071,mobiles,mobil
1072,nasiente,nɛsɑ̃t
1073,nasional,nasjonal
1074,nasionales,nasjonal
1075,nasionaliðaðes,nasjonalite
1076,nasionalismo,nasjonalism
1077,nasionalista,nasjonalist
1078,nasionalistas,nasjonalist
1079,nasionalisasion,nasjonalizasjɔ̃
1080,narasion,naʁasjɔ̃
1081,naraðoɾ,naʁatœʁ
1082,natuɾalista,natyʁalist
1083,nabeɣable,naviɡabl
1084,nabeɣasion,naviɡasjɔ̃
1085,nabeɣante,naviɡatœʁ
1086,nasismo,nazism
1087,nesesaɾjas,nesɛsɛʁ
1088,neeɾlandes,neɛʁlɑ̃dɛ
1089,neɣatibo,neɡatif
1090,neɣatibos,neɡatif
1091,neɣlixensia,neɡliʒɑ̃s
1092,nixeɾjano,niʒeʁjɑ̃
1093,nitɾato,nitʁat
1094,nitɾatos,nitʁat
1095,nibel,nivo
1096,nosion,nosjɔ̃
1097,noktuɾna,nɔktyʁn
1098,nomenklatuɾa,nomɑ̃klatyʁ
1099,noɾeste,nɔʁ-ɛst
1100,noɾmalisasion,nɔʁmalizasjɔ̃
1101,noɾoeste,nɔʁ-wɛst
1102,noɾte-suɾ,nɔʁ-syd
1103,nostalxia,nɔstalʒi
1104,notaɾjo,notɛʁ
1105,notaɾjos,notɛʁ
1106,nukleaɾes,nykleɛʁ
1107,numeɾaðos,nymeʁote
1108,nutɾision,nytʁisjɔ̃
1109,nektaɾ,nɛktaʁ
1110,nomaðas,nomad
1111,oblikwo,oblik
1112,obliɣasiones,obliɡasjɔ̃
1113,obliɣatoɾja,obliɡatwaʁ
1114,obsoleta,ɔbsolɛt
1115,obteniðos,ɔbtəny
1116,oksiðentales,ɔksidɑ̃to
1117,okulaɾ,okylɛʁ
1118,okupantes,okypɑ̃
1119,ofisialmente,ofisjɛləmɑ̃
1120,ofisios,ofis
1121,opeɾasiones,opeʁasjɔ̃
1122,oɾɣanisaðas,ɔʁɡanize
1123,oɾɣanisaðo,ɔʁɡanize
1124,oɾɣanisaðoɾ,ɔʁɡanizatœʁ
1125,oɾɣanisaðos,ɔʁɡanize
1126,oɾjental,oʁjɑ̃tal
1127,oɾtoðoksa,ɔʁtodɔks
1128,oɾtoðoksas,ɔʁtodɔks
1129,oɾixenes,oʁiʒin
1130,pasiensia,pasjɑ̃s
1131,pasientes,pasjɑ̃
1132,pakto,pakt
1133,pakistani,pakistanɛ
1134,palasios,palɛ
1135,palma,palm
1136,panes,pɛ̃
1137,pakete,pakɛ
1138,paketes,pakɛ
1139,paɾaðiɣma,paʁadiɡm
1140,paɾaðoxikamente,paʁadɔksaləmɑ̃
1141,paɾalelas,paʁalɛl
1142,paɾalelo,paʁalɛl
1143,paɾsialmente,paʁsjɛləmɑ̃
1144,paɾes,pɛʁ
1145,paɾjente,paʁɑ̃
1146,paɾisina,paʁizjɛn
1147,paɾlamentaɾjos,paʁləmɑ̃tɛʁ
1148,paɾlamento,paʁləmɑ̃
1149,paɾtisipasion,paʁticipasjɔ̃
1150,paɾtisipantes,paʁticipɑ̃
1151,paɾtisipaɾ,paʁticipe
1152,paɾtision,paʁtisjɔ̃
1153,paɾtikulaɾ,paʁtikylje
1154,paɾtiðos,paʁti
1155,paɾalisis,paʁalisi
1156,paɾametɾo,paʁamɛtʁ
1157,paɾasitos,paʁazit
1158,pasaxeɾos,pasaʒɛʁ
1159,pasiba,pasiv
1160,pasibo,pasif
1161,pateɾniðað,patɛʁnite
1162,patɾja,patʁi
1163,patɾjota,patʁijɔt
1164,patɾjotas,patʁijɔt
1165,patɾjotismo,patʁijotism
1166,patɾonal,patʁona
1167,patɾuʝa,patʁuj
1168,pausa,poz
1169,peatones,pjetɔ̃
1170,peðaɣoxia,pedaɡoʒi
1171,penal,penal
1172,penas,pɛn
1173,pensaban,pɑ̃sɛ
1174,peoɾes,piʁ
1175,peɾsepsion,pɛʁsɛpsjɔ̃
1176,peɾðeɾ,pɛʁdʁ
1177,peɾeɣɾinos,pɛləʁɛ̃
1178,peɾfil,pʁofil
1179,peɾfume,paʁfɛ̃
1180,peɾmanentes,pɛʁmanɑ̃
1181,peɾmite,pɛʁmɛ
1182,peɾmitiɾ,pɛʁmɛtʁ
1183,peɾmitiɾa,pɛʁmɛtʁa
1184,peɾmitiɾan,pɛʁmɛtʁɔ̃
1185,peɾmitja,pɛʁmɛtɛ
1186,peɾsekusiones,pɛʁsekysjɔ̃
1187,peɾsonaxe,pɛʁsonaʒ
1188,peɾsonaxes,pɛʁsonaʒ
1189,peɾsonal,pɛʁsonɛl
1190,peɾsonales,pɛʁsonɛl
1191,peɾsonaliðað,pɛʁsonalite
1192,peɾsonalmente,pɛʁsonɛləmɑ̃
1193,peɾspektiba,pɛʁspɛktiv
1194,peɾswaðiɾ,pɛʁsɥade
1195,peɾtuɾbasion,pɛʁtyʁbasjɔ̃
1196,pestisiðas,pɛsticid
1197,petɾoleo,petʁɔl
1198,pjanista,pjanist
1199,pjeðɾa,pjɛʁ
1200,pilaɾ,pilje
1201,pilaɾes,pilje
1202,pilas,pil
1203,pilotos,pilɔt
1204,pintoɾ,pɛ̃tʁ
1205,piɾateɾja,piʁatəʁi
1206,piɾamiðe,piʁamid
1207,piɾamiðes,piʁamid
1208,pissina,pisin
1209,pistas,pist
1210,planeta,planɛt
1211,planifikasion,planifikasjɔ̃
1212,plantasiones,plɑ̃tasjɔ̃
1213,plantasion,plɑ̃tasjɔ̃
1214,plantaðo,plɑ̃te
1215,plantaðos,plɑ̃te
1216,platafoɾma,plat-fɔʁm
1217,plutonjo,plytonjɔm
1218,poetas,poɛt
1219,polakos,polonɛ
1220,polaɾ,polɛʁ
1221,polen,polɛn
1222,polisial,polisjɛʁ
1223,populaɾisaðo,popylaʁize
1224,poɾtaabjones,pɔʁt-avjɔ̃
1225,poɾtuɣesa,pɔʁtyɡɛz
1226,poɾtuɣesas,pɔʁtyɡɛz
1227,poɾtuɣeses,pɔʁtyɡɛ
1228,poɾtatiles,pɔʁtabl
1229,posibiliðað,posibilite
1230,posibiliðaðes,posibilite
1231,posible,posibl
1232,posisiones,pozisjɔ̃
1233,positibas,pozitiv
1234,positibo,pozitif
1235,postales,pɔsto
1236,potasjo,potasjɔm
1237,potensial,potɑ̃sjɛl
1238,pɾaktikaɾ,pʁatike
1239,pɾekausiones,pʁekosjɔ̃
1240,pɾekausion,pʁekosjɔ̃
1241,pɾesisamente,pʁesizemɑ̃
1242,pɾesisas,pʁesiz
1243,pɾekuɾsoɾ,pʁekyʁsœʁ
1244,pɾekuɾsoɾes,pʁekyʁsœʁ
1245,pɾeðikaðoɾ,pʁedikatœʁ
1246,pɾefeɾensia,pʁefeʁɑ̃s
1247,pɾefeɾible,pʁefeʁabl
1248,pɾefjeɾen,pʁefɛʁ
1249,pɾeluðjo,pʁelyd
1250,pɾematuɾa,pʁematyʁe
1251,pɾepaɾa,pʁepaʁ
1252,pɾepaɾasion,pʁepaʁasjɔ̃
1253,pɾepaɾatoɾjas,pʁepaʁatwaʁ
1254,pɾesensia,pʁezɑ̃s
1255,pɾesentasiones,pʁezɑ̃tasjɔ̃
1256,pɾeseɾbaɾ,pʁezɛʁve
1257,pɾesiðensiales,pʁezidɑ̃sjɛl
1258,pɾesiðenta,pʁezidɑ̃t
1259,pɾestixiosa,pʁɛstiʒjœz
1260,pɾestixioso,pʁɛstiʒjœ
1261,pɾetensjones,pʁetɑ̃sjɔ̃
1262,pɾeteksto,pʁetɛkst
1263,pɾebentiba,pʁevɑ̃tiv
1264,pɾeambulo,pʁeɑ̃byl
1265,pɾimaɾjas,pʁimɛʁ
1266,pɾimaɾjo,pʁimɛʁ
1267,pɾimeɾos,pʁəmje
1268,pɾimitibas,pʁimitiv
1269,pɾinsesas,pʁɛ̃sɛs
1270,pɾinsipjos,pʁɛ̃sip
1271,pɾjoɾiðað,pʁijoʁite
1272,pɾjoɾiðaðes,pʁijoʁite
1273,pɾisjoneɾo,pʁizonje
1274,pɾisjon,pʁizɔ̃
1275,pɾibaðo,pʁive
1276,pɾibatisasion,pʁivatizasjɔ̃
1277,pɾibilexiaðo,pʁivileʒje
1278,pɾibilexiaðos,pʁivileʒje
1279,pɾibilexio,pʁivilɛʒ
1280,pɾoblema,pʁoblɛm
1281,pɾosesjon,pʁcsɛsjɔ̃
1282,pɾoklamasion,pʁoklamasjɔ̃
1283,pɾoðuksiones,prodyksjɔ̃
1284,pɾoðuktibo,prodyktif
1285,pɾoðukto,prodɥi
1286,pɾoðuktoɾ,prodyktœʁ
1287,pɾoðuktos,prodɥi
1288,pɾofesjonal,profɛsjonɛl
1289,pɾofesjonaliðað,profɛsjonalism
1290,pɾofesjones,profɛsjɔ̃
1291,pɾofesjon,profɛsjɔ̃
1292,pɾofundamente,profɔ̃demɑ̃
1293,pɾoɣɾama,proɡʁɑm
1294,pɾoɣɾamaða,proɡʁɑme
1295,pɾoɣɾamas,proɡʁɑm
1296,pɾoɣɾesista,proɡʁɛsist
1297,pɾoɣɾesiba,proɡʁɛsiv
1298,pɾoɣɾesibamente,proɡʁɛsivəmɑ̃
1299,pɾoɣɾesibo,proɡʁɛsif
1300,pɾolifeɾasion,prolifeʁasjɔ̃
1301,pɾolonɣaɾ,prolɔ̃ʒe
1302,pɾometeðoɾes,promɛtœʁ
1303,pɾomosiones,pʁomosjɔ̃
1304,pɾomosion,pʁomosjɔ̃
1305,pɾopaɣasion,propaɡasjɔ̃
1306,pɾopjetaɾjo,pʁopʁijetɛʁ
1307,pɾopjetaɾjos,pʁopʁijetɛʁ
1308,pɾopone,propoz
1309,pɾoponeɾ,propoze
1310,pɾopoɾsional,propɔʁsjonɛl
1311,pɾopoɾsiones,propɔʁsjɔ̃
1312,pɾospeksion,pʁɔspɛksjɔ̃
1313,pɾostituta,pʁɔstitɥe
1314,pɾoteksion,protɛksjɔ̃
1315,pɾotektoɾaðo,protɛktoʁa
1316,pɾotexe,protɛʒ
1317,pɾotexeɾ,proteʒe
1318,pɾotexiðos,proteʒe
1319,pɾotestaɾ,protɛste
1320,pɾotokolo,pʁotokɔl
1321,pɾotokolos,pʁotokɔl
1322,pɾototipo,pʁototip
1323,pɾototipos,pʁototip
1324,pɾobinsias,provɛ̃s
1325,pɾobisjonales,provizwaʁ
1326,pɾobisjonalmente,provizwaʁəmɑ̃
1327,pɾoksimiðað,pʁɔksimite
1328,pɾoieksion,proʒɛksjɔ̃
1329,pɾoiekto,proʒɛ
1330,pɾoiektos,proʒɛ
1331,psikoteɾapja,psikoteʁapi
1332,publikasion,pyblikasjɔ̃
1333,publikaðo,pyblije
1334,publikando,pyblijɑ̃
1335,publikaɾ,pyblije
1336,publisitaɾjo,pyblisitɛʁ
1337,pweɾtos,pɔʁ
1338,pulmonaɾ,pylmonɛʁ
1339,puɾamente,pyʁəmɑ̃
1340,puɾas,pyʁ
1341,puɾesa,pyʁəte
1342,puɾɣas,pyʁʒ
1343,puɾifikasion,pyʁifikasjɔ̃
1344,publikamente,pyblikəmɑ̃
1345,publiko,pyblik
1346,publikos,pyblik
1347,kiʝa,kij
1348,kinse,kɛ̃z
1349,ɾabinos,ʁabɛ̃
1350,ɾasial,ʁasjal
1351,ɾasista,ʁasist
1352,ɾasistas,ʁasist
1353,ɾaðjaktibiðað,ʁadjoaktivite
1354,ɾaðjaktibos,ʁadjoaktif
1355,ɾaðikales,ʁadiko
1356,ɾaðjoðifusjon,ʁadjodifyzjɔ̃
1357,ɾaɾas,ʁaʁ
1358,ɾatifikasion,ʁatifikasjɔ̃
1359,ɾatifikaðo,ʁatifje
1360,ɾasones,ʁɛzɔ̃
1361,ɾaises,ʁasin
1362,ɾeaktibos,ʁeaktif
1363,ɾeaktoɾ,ʁeaktœʁ
1364,ɾeaktoɾes,ʁeaktœʁ
1365,ɾealista,ʁealist
1366,ɾebeldes,ʁəbɛl
1367,ɾesiklaðo,ʁəsiklaʒ
1368,ɾesiente,ʁesɑ̃t
1369,ɾeklutamjento,ʁəkʁytəmɑ̃
1370,ɾeklutas,ʁəkʁy
1371,ɾekomendasiones,ʁəkomɑ̃dasjɔ̃
1372,ɾekomendaðo,ʁəkomɑ̃de
1373,ɾekompensaðo,ʁekɔ̃pɑ̃se
1374,ɾekonstɾwiɾ,ʁəkɔ̃stʁɥiʁ
1375,ɾekonbeɾsjon,ʁəkɔ̃vɛʁsjɔ̃
1376,ɾekonbeɾtiðo,ʁəkɔ̃vɛʁti
1377,ɾekurentes,ʁekyʁɑ̃
1378,ɾeðaktoɾ,ʁedaktœʁ
1379,ɾeðonda,ʁɔ̃d
1380,ɾeðondas,ʁɔ̃d
1381,ɾeestɾuktuɾasion,ʁəstʁyktyʁasjɔ̃
1382,ɾefeɾensias,ʁefeʁɑ̃s
1383,ɾeflexa,ʁəflɛt
1384,ɾeflexan,ʁəflɛt
1385,ɾefleksjon,ʁeflɛksjɔ̃
1386,ɾefoɾsando,ʁɑ̃fɔʁsɑ̃
1387,ɾefuxia,ʁefyʒi
1388,ɾefutasion,ʁefytasjɔ̃
1389,ɾexente,ʁeʒɑ̃t
1390,ɾeximjentos,ʁeʒimɑ̃
1391,ɾexional,ʁeʒjonal
1392,ɾexionales,ʁeʒjonal
1393,ɾexiones,ʁeʒjɔ̃
1394,ɾexistɾos,ʁəʒistʁ
1395,ɾexion,ʁeʒjɔ̃
1396,ɾeɣlamentaɾjas,ʁeɡləmɑ̃tɛʁ
1397,ɾeɣlamentaɾjo,ʁeɡləmɑ̃tɛʁ
1398,ɾeɣlamento,ʁɛɡləmɑ̃
1399,ɾeɣlamentos,ʁɛɡləmɑ̃
1400,ɾeɣɾesjon,ʁeɡʁɛsjɔ̃
1401,ɾeabilitaðo,ʁeabilite
1402,ɾeibindikasiones,ʁəvɑ̃dikasjɔ̃
1403,ɾelasiones,ʁəlasjɔ̃
1404,ɾelatibamente,ʁəlativəmɑ̃
1405,ɾelixiosas,ʁəliʒjœz
1406,ɾelixioso,ʁəliʒjœ
1407,ɾemolkes,ʁəmɔʁk
1408,ɾemonta,ʁəmɔ̃t
1409,ɾemuneɾasion,ʁemyneʁasjɔ̃
1410,ɾenobables,ʁənuvəlabl
1411,ɾenobaɾ,ʁənuvəle
1412,ɾenunsiaɾ,ʁənɔ̃se
1413,ɾeoɾɣanisaɾ,ʁeɔʁɡanize
1414,ɾepaɾasiones,ʁepaʁasjɔ̃
1415,ɾepaɾaɾ,ʁepaʁe
1416,ɾepaɾto,ʁepaʁtisjɔ̃
1417,ɾepeɾtoɾjo,ʁepɛʁtwaʁ
1418,ɾepeɾtoɾjos,ʁepɛʁtwaʁ
1419,ɾepɾesentaban,ʁəpʁezɑ̃tɛ
1420,ɾepɾesentasion,ʁəpʁezɑ̃tasjɔ̃
1421,ɾepɾesentaðas,ʁəpʁezɑ̃te
1422,ɾepɾesentante,ʁəpʁezɑ̃tɑ̃
1423,ɾepɾesentatibos,ʁəpʁezɑ̃tatif
1424,ɾepɾesjon,ʁepʁɛsjɔ̃
1425,ɾepɾimiɾ,ʁepʁime
1426,ɾepublikanos,ʁepyblikɛ̃
1427,ɾeputasion,ʁepytasjɔ̃
1428,ɾesentimjento,ʁəsɑ̃timɑ̃
1429,ɾeseɾbas,ʁezɛʁv
1430,ɾesiðentes,ʁezidɑ̃
1431,ɾesiðiɾ,ʁezide
1432,ɾesistensia,ʁezistɑ̃s
1433,ɾesolusion,ʁezolysjɔ̃
1434,ɾespetwoso,ʁɛspɛktɥœ
1435,ɾespiɾaɾ,ʁɛspiʁe
1436,ɾesponde,ʁepɔ̃
1437,ɾespondeɾ,ʁepɔ̃dʁ
1438,ɾesponsabiliðað,ʁɛspɔ̃sabilite
1439,ɾestɾiksiones,ʁɛstʁiksjɔ̃
1440,ɾesultaðo,ʁezylta
1441,ɾetiɾaða,ʁətʁɛ
1442,ɾetiɾaɾ,ʁətiʁe
1443,ɾetɾasos,ʁətaʁ
1444,ɾeunifikasion,ʁeynifikasjɔ̃
1445,ɾebeɾendo,ʁeveʁɑ̃
1446,ɾebeɾsible,ʁevɛʁsibl
1447,ɾebolusionaɾjas,ʁevolysjonɛʁ
1448,ɾebolusiones,ʁevolysjɔ̃
1449,ɾebolusion,ʁevolysjɔ̃
1450,ɾikos,ʁiʃ
1451,ɾixiðes,ʁiʒidite
1452,ɾiɣoɾ,ʁiɡɥœʁ
1453,ɾiɣwɾosa,ʁiɡuʁœz
1454,ɾitos,ʁit
1455,ɾitwales,ʁitɥɛl
1456,ɾibaliðaðes,ʁivalite
1457,ɾiɲones,ʁɛ̃
1458,ɾomantikos,ʁomɑ̃tik
1459,ɾwina,ʁɥin
1460,ɾwinas,ʁɥin
1461,ɾumana,ʁumɛn
1462,ɾumano,ʁumɛ̃
1463,ɾumanos,ʁumɛ̃
1464,ɾumoɾ,ʁymœʁ
1465,ɾusas,ʁys
1466,ɾutina,ʁutin
1467,ɾapiða,ʁapid
1468,ɾixiða,ʁiʒid
1469,sabotaxe,sabotaʒ
1470,sakɾifikaɾ,sakʁifje
1471,sakɾifisios,sakʁifis
1472,salaɾjo,salɛʁ
1473,salas,sal
1474,salbaxes,sovaʒ
1475,sansion,sɑ̃ksjɔ̃
1476,sanɣineo,sɑ̃ɡɛ̃
1477,sanitaɾjas,sanitɛʁ
1478,santos,sɛ̃
1479,santwaɾjo,sɑ̃ktɥɛʁ
1480,saɾxento,sɛʁʒɑ̃
1481,satuɾasion,satyʁasjɔ̃
1482,satelite,satɛlit
1483,satelites,satɛlit
1484,seksiones,sɛksjɔ̃
1485,sesesjon,sesɛsjɔ̃
1486,sekɾetaɾja,səkʁetaʁja
1487,sekɾeto,səkʁɛ
1488,sektoɾ,sɛktœʁ
1489,sektoɾes,sɛktœʁ
1490,sekundaɾja,səgɔ̃dɛʁ
1491,sekundaɾjas,səgɔ̃dɛʁ
1492,seɣmento,sɛɡmɑ̃
1493,seleksiones,selɛksjɔ̃
1494,selektibo,selɛktif
1495,seminaɾjos,seminɛʁ
1496,sensibilisasion,sɑ̃sibilizasjɔ̃
1497,sepaɾasion,sepaʁasjɔ̃
1498,septentɾjonal,sɛptɑ̃tʁijonal
1499,septjembɾe,sɛptɑ̃bʁ
1500,seɾbja,sɛʁb
1501,seɾpjente,sɛʁpɑ̃
1502,seɾbiðumbɾe,sɛʁvityd
1503,sesjones,sɛsjɔ̃
1504,siðeɾuɾxia,sideʁyʁʒi
1505,siɣnifika,siɲifi
1506,silensiosa,silɑ̃sjœz
1507,simplisiðað,sɛ̃plisite
1508,simplifikasion,sɛ̃plifikasjɔ̃
1509,simplifikaðo,sɛ̃plifje
1510,simposjo,sɛ̃posjɔm
1511,simulasiones,simylasjɔ̃
1512,simulasion,simylasjɔ̃
1513,simultanea,simyltane
1514,simultaneo,simyltane
1515,sinaɣoɣa,sinaɡɔɡ
1516,sinkɾonisasion,sɛ̃kʁonizasjɔ̃
1517,sindikal,sɛ̃dikal
1518,sindikato,sɛ̃dika
1519,sindikatos,sɛ̃dika
1520,sjonismo,sjonism
1521,sjonista,sjonist
1522,sitjos,sit
1523,sitwaðos,sitɥe
1524,sobeɾanos,suvəʁɛ̃
1525,sosial,sosjal
1526,sosialdemokɾata,sosjal-demokʁat
1527,sosialdemokɾatas,sosjo-demokʁat
1528,sosialmente,sosjaləmɑ̃
1529,sosioloɣos,sosjolɔɡ
1530,soðjo,sodjɔm
1531,soldaðos,sɔlda
1532,solitaɾja,solitɛʁ
1533,solusion,solysjɔ̃
1534,sobjetikas,sovjetik
1535,subðibisjones,sybdivizjɔ̃
1536,submaɾino,su-maʁɛ̃
1537,suboɾðinaðos,sybɔʁdone
1538,subsistensia,sybzistɑ̃s
1539,subbensiones,sybvɑ̃sjɔ̃
1540,susesoɾ,syksɛsœʁ
1541,susesoɾes,syksɛsœʁ
1542,sukuɾsal,sykyʁsal
1543,suðoeste,syd-wɛst
1544,sufɾaxio,syfʁaʒ
1545,swisiðjo,sɥisid
1546,swisiðo,sɥiside
1547,supeɾmeɾkaðo,sypɛʁmaʁʃe
1548,supeɾmeɾkaðos,sypɛʁmaʁʃe
1549,supeɾbibjente,syʁvivɑ̃
1550,supeɾbibjentes,syʁvivɑ̃
1551,suplente,sypleɑ̃
1552,suplentes,sypleɑ̃
1553,supɾimiɾ,sypʁime
1554,surealista,syʁʁealist
1555,suskɾipsion,suskʁipsjɔ̃
1556,suspendeɾ,syspɑ̃dʁ
1557,suspendiðo,syspɑ̃dy
1558,silise,silis
1559,simbolos,sɛ̃bɔl
1560,tabako,taba
1561,tableta,tablɛt
1562,tailandes,tajlɑ̃dɛ
1563,talentos,talɑ̃
1564,taʝas,taj
1565,talon,talɔ̃
1566,tatwaxe,tatwaʒ
1567,teknoloxikas,tɛknoloʒik
1568,telekomunikasiones,telekomynikasjɔ̃
1569,telebisjones,televizjɔ̃
1570,templo,tɑ̃pl
1571,tempoɾales,tɑ̃poʁɛʁ
1572,tempoɾalmente,tɑ̃poʁɛʁəmɑ̃
1573,tensjones,tɑ̃sjɔ̃
1574,tentakulos,tɑ̃takyl
1575,teɾminales,tɛʁmino
1576,teɾminoloxia,tɛʁminoloʒi
1577,teritoɾjal,tɛʁitɔʁjal
1578,teritoɾjo,tɛʁitwaʁ
1579,teroɾismo,tɛʁoʁism
1580,teroɾista,tɛʁoʁist
1581,tesoɾos,tʁezɔʁ
1582,tekstil,tɛkstil
1583,teksto,tɛkst
1584,tekstos,tɛkst
1585,tibetana,tibetɛn
1586,tiɾano,tiʁɑ̃
1587,titulaɾes,titylɛʁ
1588,tomate,tomat
1589,toɾsjon,tɔʁsjɔ̃
1590,toɾtuɾaðo,tɔʁtyʁe
1591,tɾaktoɾ,tʁaktœʁ
1592,tɾaðisionalmente,tʁadisjonɛləmɑ̃
1593,tɾaðisiones,tʁadisjɔ̃
1594,tɾaðuktoɾ,tʁadyktœʁ
1595,tɾaxeðja,tʁaʒedi
1596,tɾampolin,tʁɑ̃plɛ̃
1597,tɾansaksiones,tʁɑ̃zaksjɔ̃
1598,tɾansat͡ɬantiko,tʁɑ̃zatlɑ̃tik
1599,tɾanskɾipsion,tʁɑ̃skʁipsjɔ̃
1600,tɾansfeɾensias,tʁɑ̃sfɛʁ
1601,tɾansfeɾiðo,tʁɑ̃sfeʁe
1602,tɾansfeɾiɾ,tʁɑ̃sfeʁe
1603,tɾansfoɾmasion,tʁɑ̃sfɔʁmasjɔ̃
1604,tɾansfoɾmaðos,tʁɑ̃sfɔʁme
1605,tɾansfoɾman,tʁɑ̃sfɔʁm
1606,tɾansision,tʁɑ̃zisjɔ̃
1607,tɾanspaɾensia,tʁɑ̃spaʁɑ̃s
1608,tɾanspoɾtaðas,tʁɑ̃spɔʁte
1609,tɾanspoɾtaðos,tʁɑ̃spɔʁte
1610,tɾanspoɾtistas,tʁɑ̃spɔʁtœʁ
1611,tɾansposision,tʁɑ̃spozisjɔ̃
1612,tɾansbeɾsal,tʁɑ̃svɛʁsal
1613,tɾauma,tʁomatism
1614,tɾabesjas,tʁavɛʁse
1615,tɾese,tʁɛz
1616,tɾibuna,tʁibyn
1617,tɾibunales,tʁibyno
1618,tɾiloxia,tʁiloʒi
1619,tɾistesa,tʁistɛs
1620,tɾopas,tʁup
1621,tɾopikal,tʁopikal
1622,tɾansito,tʁɑ̃sit
1623,tumoɾes,tymœʁ
1624,tuɾba,tuʁb
1625,tuɾbinas,tyʁbin
1626,tandem,tɑ̃dɛm
1627,tunel,tynɛl
1628,unitaɾja,ynitɛʁ
1629,unibeɾsiðað,ynivɛʁsite
1630,unibeɾsitaɾjos,ynivɛʁsitɛʁ
1631,unanime,ynanim
1632,uɾbana,yʁbɛn
1633,uɾbanas,yʁbɛn
1634,uɾbano,yʁbɛ̃
1635,uɾxensias,yʁʒɑ̃s
1636,utilisable,ytilizabl
1637,bakunas,vaksɛ̃
1638,baliðasion,validasjɔ̃
1639,baliðaɾ,valide
1640,baʝe,vale
1641,baloɾes,valœʁ
1642,baloɾisasion,valoʁizasjɔ̃
1643,bapoɾ,vapœʁ
1644,baɾjaðos,vaʁje
1645,bektoɾ,vɛktœʁ
1646,bexetales,veʒetal
1647,bendeðoɾ,vɑ̃dœʁ
1648,bendeðoɾes,vɑ̃dœʁ
1649,bendeɾ,vɑ̃dʁ
1650,bentas,vɑ̃t
1651,beɾbal,vɛʁbal
1652,beɾbo,vɛʁb
1653,beɾifikasion,veʁifikasjɔ̃
1654,beɾsjones,vɛʁsjɔ̃
1655,beɾsjon,vɛʁsjɔ̃
1656,beɾtikales,vɛʁtiko
1657,beɾtikalmente,vɛʁtikaləmɑ̃
1658,bibɾasiones,vibʁasjɔ̃
1659,biktoɾja,viktwaʁ
1660,biktoɾjas,viktwaʁ
1661,binaɣɾe,vinɛɡʁ
1662,bjolenta,vjolɑ̃t
1663,bjolentamente,vjolamɑ̃
1664,biɾal,viʁal
1665,biɾtwales,viʁtɥɛl
1666,biɾtuðes,vɛʁty
1667,biɾtwosismo,viʁtɥozite
1668,bisitante,vizitœʁ
1669,bisitantes,vizitœʁ
1670,bisitas,vizit
1671,biben,viv
1672,bibeɾo,vivje
1673,bolumen,volym
1674,boluntaɾja,volɔ̃tɛʁ
1675,boluntaɾjamente,volɔ̃tɛʁəmɑ̃
1676,bolumenes,volym
1677,botaɾ,vote
1678,bulneɾable,vylneʁabl
1679,biktima,viktim
1680,bibeɾes,vivʁ
1681,asiðos,acid
1682,albumes,albɔm
1683,aɾbitɾos,aʁbitʁ
1684,aɾiðas,aʁid
1685,atomos,atom
1686,oɾɣano,ɔʁɡan
1687,utiles,ytil
1688,poblasiones,popylasjɔ̃
1689,ɡɾamos,ɡʁam
1690,pɾibilexios,pʁivilɛʒ
1691,asosiatiba,asosjativ
1692,estɾatexia,stʁateʒi
1693,bɾasileɲa,bʁeziljɛ̃
1694,xaɾðin,ʒaʁdɛ̃
1695,bokabulaɾjo,vokabylɛʁ
1696,floɾasion,floʁɛzɔ̃
1697,pintuɾa,pɛ̃tyʁ
1698,aksiðente,aksidɑ̃
1699,bektoɾes,vɛktœʁ
1700,ɡastɾonomika,ɡastʁonomik
1701,poɾsentaxe,puʁsɑ̃taʒ
1702,foɾtunas,fɔʁtyn
1703,difeɾensias,difeʁɑ̃s
1704,lektuɾa,lɛktyʁ
1705,atmosfeɾika,atmɔsfeʁik
1706,kondekoɾasiones,dekoʁasjɔ̃
1707,diksionaɾjo,diksjonɛʁ
1708,ekssesiba,ɛksɛsiv
1709,natuɾales,natyʁɛl
1710,paɾaiso,paʁadi
1711,aðbeɾsaɾjo,advɛʁsɛʁ
1712,aɾkitekto,aʁʃitɛkt
1713,floɾines,floʁɛ̃
1714,ɾokas,ʁoʃe
1715,delibeɾaðamente,delibeʁemɑ̃
1716,motibasiones,motivasjɔ̃
1717,kantantes,ʃɑ̃tœʁ
1718,neɣosiasiones,neɡosjasjɔ̃
1719,limitaða,limite
1720,festibales,fɛstival
1721,espektaðoɾ,spɛktatœʁ
1722,defensoɾes,defɑ̃sœʁ
1723,diskuɾso,diskuʁ
1724,ɾeaksiones,ʁeaksjɔ̃
1725,ɡɾanos,ɡʁɛ̃
1726,bakteɾjas,bakteʁi
1727,bainiʝa,vanij
1728,asistente,asistɑ̃
1729,bjolensia,vjolɑ̃s
1730,konstelasion,kɔ̃stɛlasjɔ̃
1731,kontekstos,kɔ̃tɛkst
1732,auɣwsto,oɡyst
1733,kaɾabanas,kaʁavan
1734,konteniðo,kɔ̃təny
1735,blokeaða,bloke
1736,kalendaɾjo,kalɑ̃dʁije
1737,planifikaða,planifje
1738,maɾjonetas,maʁjonɛt
1739,enemiɣos,ɛnəmi
1740,nabal,naval
1741,kanaðjense,kanadjɛ̃
1742,aɾina,faʁin
1743,montaɲa,mɔ̃taɲ
1744,abstɾaksion,abstʁaksjɔ̃
1745,bjolentas,vjolɑ̃t
1746,opeɾatibos,opeʁasjonɛl
1747,inkapas,ɛ̃kapabl
1748,apokalipsis,apokalips
1749,koɾeano,koʁeɛ̃
1750,deskɾitas,dekʁit
1751,buɾɣesa,buʁʒwaz
1752,ebanxelikas,evɑ̃ʒelik
1753,nubes,nɥaʒ
1754,kabinas,kabin
1755,auðjobiswal,odjovizɥɛl
1756,diɾektas,diʁɛkt
1757,astɾonomo,astʁonɔm
1758,pjoneɾo,pjonje
1759,kultuɾas,kyltyʁ
1760,musulmana,myzylman
1761,kontempoɾanea,kɔ̃tɑ̃poʁɛn
1762,aɾkitektuɾas,aʁʃitɛktyʁ
1763,litɾos,litʁ
1764,pɾofunda,profɔ̃d
1765,ɾekoɾð,ʁəkɔʁ
1766,dinamismo,dinamism
1767,bibiɾ,vivʁ
1768,ʃeɾiff,ʃeʁif
1769,bitaminas,vitamin
1770,depoɾtiba,spɔʁtiv
1771,pɾoteksiones,protɛksjɔ̃
1772,ɾestɾiksion,ʁɛstʁiksjɔ̃
1773,konfɾontasion,kɔ̃fʁɔ̃tasjɔ̃
1774,filjal,filjal
1775,assensoɾes,asɑ̃sœʁ
1776,inspiɾaðo,ɛ̃spiʁe
1777,aɾmenjo,aʁmenjɛ̃
1778,ɾepɾoðuksion,ʁəprodyksjɔ̃
1779,sosioloɣo,sosjolɔɡ
1780,feðeɾales,fedeʁal
1781,indonesjo,ɛ̃donezjɛ̃
1782,kolina,kolin
1783,kɾeðibiliðað,kʁedibilite
1784,fɾaktuɾa,fʁaktyʁ
1785,inbentoɾ,ɛ̃vɑ̃tœʁ
1786,ɾebolbeɾ,ʁevɔlvɛʁ
1787,asosiasiones,asosjasjɔ̃
1788,ɾeðuksion,ʁedyksjɔ̃
1789,peɾðiðo,pɛʁdy
1790,finansiaɾ,finɑ̃se
1791,uɾbanos,yʁbɛ̃
1792,aseptaðo,aksɛpte
1793,uɾnas,yʁn
1794,mjembɾo,mɑ̃bʁ
1795,funsionaɾjos,fɔ̃ksjonɛʁ
1796,dependen,depɑ̃dɑ̃
1797,kalifoɾnjano,kalifɔʁnjɛ̃
1798,leusemja,lœsemi
1799,esensiales,ɛsɑ̃sjɛl
1800,inxenjeɾo,ɛ̃ʒenjœʁ
1801,pjeɾðen,pɛʁdɑ̃
1802,motibasion,motivasjɔ̃
1803,omenaxes,omaʒ
1804,toɾnaðo,tɔʁnad
1805,musulmanes,myzylmɑ̃
1806,estɾatexika,stʁateʒik
1807,bjenes,bjɛ̃
1808,pɾoklamaða,proklame
1809,kɾiteɾjos,kʁitɛʁ
1810,bolante,volɑ̃
1811,desblokeaɾ,debloke
1812,kaldeɾo,ʃodʁɔ̃
1813,ofisial,ofisjɛl
1814,xeswita,ʒezɥit
1815,koreksion,koʁɛksjɔ̃
1816,konsexos,kɔ̃sɛj
1817,pɾesisjon,pʁesizjɔ̃
1818,iɾonja,iʁoni
1819,kolaboɾaðoɾes,kolaboʁatœʁ
1820,bisita,vizit
1821,mensaxeɾo,mɛsaʒe
1822,komplises,kɔ̃plis
1823,fɾansiskano,fʁɑ̃siskɛ̃
1824,aɾtesanos,aʁtisɑ̃
1825,seɾebɾales,seʁebʁal
1826,sosialistas,sosjalist
1827,animales,animo
1828,moðulasion,modylasjɔ̃
1829,italjana,italjɛn
1830,ɾealistas,ʁealist
1831,pɾusjano,pʁysjɛ̃
1832,kubanos,kybɛ̃
1833,sopoɾtaɾ,sypɔʁte
1834,industɾjal,ɛ̃dystʁijɛl
1835,konkistaða,kɔ̃kiz
1836,xuɾistas,ʒyʁist
1837,soliðaɾja,solidɛʁ
1838,eteɾoxenea,eteʁoʒɛn
1839,neɣosiasion,neɡosjasjɔ̃
1840,fassistas,faʃist
1841,fɾanko,fʁɑ̃
1842,oɾbita,ɔʁbit
1843,iðentifikaða,idɑ̃tifje
1844,baloɾ,valœʁ
1845,neumonja,pnœmoni
1846,peɾtuɾbasiones,pɛʁtyʁbasjɔ̃
1847,ɾestablesimjento,ʁetablisəmɑ̃
1848,ɡastɾonomja,ɡastʁonomi
1849,pɾesjones,pʁɛsjɔ̃
1850,estetika,ɛstetik
1851,ɾekonsiljasion,ʁekɔ̃siljasjɔ̃
1852,konkistaðo,kɔ̃ki
1853,konfiɾmaða,kɔ̃fiʁme
1854,auspisios,ospis
1855,tɾafikantes,tʁafikɑ̃
1856,komplemento,kɔ̃plemɑ̃
1857,sustansias,sybstɑ̃s
1858,estetikas,ɛstetik
1859,pensjones,pɑ̃sjɔ̃
1860,dibeɾsiðað,divɛʁsite
1861,miɣɾasion,miɡʁasjɔ̃
1862,konfiɾmasion,kɔ̃fiʁmasjɔ̃
1863,kontɾolaðas,kɔ̃tʁole
1864,xeswitas,ʒezɥit
1865,tɾanspoɾtaða,tʁɑ̃spɔʁte
1866,doktɾinas,dɔktʁin
1867,neutɾal,nœtʁ
1868,estables,stabl
1869,pintuɾas,pɛ̃tyʁ
1870,baleɾ,valwaʁ
1871,benɣaɾse,vɑ̃ʒe
1872,konklusjones,kɔ̃klyzjɔ̃
1873,pɾisjoneɾos,pʁizonje
1874,konbensiðos,kɔ̃vɛ̃ky
1875,ɾekonstɾuksion,ʁəkɔ̃stʁyksjɔ̃
1876,ɾefuxiaðos,ʁefyʒje
1877,intelektwales,ɛ̃tɛlɛktɥɛl
1878,aktoɾes,aktœʁ
1879,ɡaɾantja,ɡaʁɑ̃ti
1880,funsiona,fɔ̃ksjɔn
1881,pɾestixio,pʁɛstiʒ
1882,kaɾakteɾes,kaʁaktɛʁ
1883,emisjones,emisjɔ̃
1884,konsesjones,kɔ̃sɛsjɔ̃
1885,konsulaɾes,kɔ̃sylɛʁ
1886,ɾepoɾtaxes,ʁəpɔʁtaʒ
1887,koɾta,kuʁt
1888,komeɾsialisasion,komɛʁsjalizasjɔ̃
1889,tɾansitoɾjo,tʁɑ̃sitwaʁ
1890,bibljotekas,biblijotɛk
1891,sifɾas,ʃifʁ
1892,manifestantes,manifɛstɑ̃
1893,espiɾitwaliðað,spiʁitɥalite
1894,impeɾjal,ɛ̃peʁjal
1895,eksiljaðos,ɛgzile
1896,pɾensa,pʁɛs
1897,tɾaðisionales,tʁadisjonɛl
1898,meɾkante,maʁʃɑ̃d
1899,defensa,defɑ̃s
1900,esklaba,ɛsklav
1901,karoseɾja,kaʁɔsəʁi
1902,baɾbaɾa,baʁbaʁ
1903,fantastikas,fɑ̃tastik
1904,fibɾa,fibʁ
1905,koɾonel,kolonɛl
1906,ɾebisjon,ʁevizjɔ̃
1907,seɾbisios,sɛʁvis
1908,ɾebestimjentos,ʁəvɛtəmɑ̃
1909,inteɣɾaɾ,ɛ̃teɡʁe
1910,bulneɾables,vylneʁabl
1911,konsiðeɾaðos,kɔ̃sideʁe
1912,konbensionales,kɔ̃vɑ̃sjonɛl
1913,multiplikaɾ,myltiplije
1914,espontanea,spɔ̃tane
1915,distinsion,distɛ̃ksjɔ̃
1916,solemne,solanɛl
1917,bukle,bukl
1918,ɡɾipe,ɡʁip
1919,ɾomano,ʁomɛ̃
1920,monstɾwos,mɔ̃stʁ
1921,aksiones,aksjɔ̃
1922,pɾesentasion,pʁezɑ̃tasjɔ̃
1923,fundasiones,fɔ̃dasjɔ̃
1924,tubeɾkulosis,tybɛʁkyloz
1925,ɾestauɾante,ʁɛstoʁɑ̃
1926,salbaxe,sovaʒ
1927,polibalente,polivalɑ̃t
1928,paɾaðoxa,paʁadɔks
1929,opeɾas,opeʁa
1930,kaðabeɾes,kadavʁ
1931,masibos,masif
1932,poɾtwaɾja,pɔʁtɥɛʁ
1933,peninsula,penɛ̃syl
1934,motibaðo,motive
1935,ɾibaliðað,ʁivalite
1936,moɾtaliðað,mɔʁtalite
1937,abentuɾas,avɑ̃tyʁ
1938,djaspoɾa,djaspoʁa
1939,tɾipaɾtita,tʁipaʁtit
1940,obstakulos,ɔbstakl
1941,seɾbjas,sɛʁb
1942,teatɾales,teatʁal
1943,iðentifikando,idɑ̃tifjɑ̃
1944,axensia,aʒɑ̃s
1945,ɾepɾesentatibas,ʁəpʁesɑ̃tativ
1946,selulosa,sɛlyloz
1947,kwateɾnaɾjo,kwatɛʁnɛʁ
1948,disposisiones,dispozisjɔ̃
1949,konfeɾensia,kɔ̃feʁɑ̃s
1950,elektɾomaɣnetikos,elɛktʁomaɲetik
1951,pɾoðusiɾ,prodɥiʁ
1952,instalaða,ɛ̃stale
1953,eksplosjones,ɛksplozjɔ̃
1954,konbenseɾ,kɔ̃vɛ̃kʁ
1955,dekoɾatibo,dekoʁatif
1956,dokumentos,dokymɑ̃
1957,tuɾismo,tuʁism
1958,insieɾta,ɛ̃sɛʁtɛn
1959,obliɣatoɾjas,obliɡatwaʁ
1960,ɾesesjon,ʁesɛsjɔ̃
1961,lentituð,lɑ̃tœʁ
1962,desmembɾamjento,demɑ̃bʁəmɑ̃
1963,pjeðɾas,pjɛʁ
1964,kontabiliðað,kɔ̃tabilite
1965,kontinentales,kɔ̃tinɑ̃to
1966,bitikultuɾa,vitikyltyʁ
1967,pɾobablemente,probabləmɑ̃
1968,intima,ɛ̃tim
1969,kataloɣos,katalɔɡ
1970,esloɣanes,sloɡɑ̃
1971,tjempo,tɑ̃
1972,eslaba,slav
1973,desjeɾtos,dezɛʁ
1974,suðeste,syd-ɛst
1975,deɣɾaðasion,deɡʁadasjɔ̃
1976,suspensjon,syspɑ̃sjɔ̃
1977,bisjon,vizjɔ̃
1978,familjas,famij
1979,militaɾ,militɛʁ
1980,moðulo,modyl
1981,koɾonas,kuʁɔn
1982,kljente,klijɑ̃
1983,iðeal,ideal
1984,ɾepɾesentaðo,ʁəpʁezɑ̃te
1985,susesibos,syksɛsif
1986,depoɾtibas,spɔʁtiv
1987,pɾofundas,profɔ̃d
1988,kabeɾna,kavɛʁn
1989,paɾtikulaɾiðaðes,paʁtikylaʁite
1990,lenɣwa,lɑ̃ɡ
1991,ɾepaɾasion,ʁepaʁasjɔ̃
1992,konseɾtasion,kɔ̃sɛʁtasjɔ̃
1993,konmemoɾasion,komemoʁasjɔ̃
1994,teroɾ,tɛʁœʁ
1995,bokasiones,vokasjɔ̃
1996,moðeɾnisasion,modɛʁnizasjɔ̃
1997,toɾtuɣas,tɔʁty
1998,litixios,litiʒ
1999,indjas,ɛ̃djɛn
2000,manuskɾita,manyskʁit
2001,kontinwiðað,kɔ̃tinɥite
2002,patɾuʝas,patʁuj
2003,minoɾjas,minoʁite
2004,afɾikanos,afʁikɛ̃
2005,doktɾina,dɔktʁin
2006,korelasion,koʁelasjɔ̃
2007,palestino,palɛstinjɛ̃
2008,efektos,efɛ
2009,fɾaxil,fʁaʒil
2010,djaloɣos,djalɔɡ
2011,funeɾal,fyneʁaj
2012,multiðissiplinaɾ,plyʁidisiplinɛʁ
2013,peɾmiten,pɛʁmɛt
2014,sibilisasiones,sivilizasjɔ̃
2015,imaxinaɾja,imaʒinɛʁ
2016,oɾisontales,oʁizɔ̃to
2017,ineðitos,inedi
2018,ɾeðaktoɾes,ʁedaktœʁ
2019,molde,mul
2020,pɾomotoɾ,pʁomotœʁ
2021,fisjon,fisjɔ̃
2022,defensiba,defɑ̃siv
2023,kolokjo,kolɔk
2024,ɡɾandesa,ɡʁɑ̃dœʁ
2025,bɾutalmente,bʁytaləmɑ̃
2026,sobeɾano,suvəʁɛ̃
2027,siɾenas,siʁɛn
2028,xusɣaɾ,ʒyʒe
2029,pɾoblematikas,problematik
2030,kɾisis,kʁiz
2031,ɾefleksjones,ʁeflɛksjɔ̃
2032,pɾesiðiɾ,pʁezide
2033,kontinxentes,kɔ̃tɛ̃ʒɑ̃
2034,pɾebeniɾ,pʁevəniʁ
2035,xenetikamente,ʒenetikəmɑ̃
2036,ɾefoɾma,ʁefɔʁm
2037,psikoloxia,psikoloʒi
2038,afɾikanas,afʁikɛn
2039,kanaðjenses,kanadjɛ̃
2040,intɾinseka,ɛ̃tʁɛ̃sɛk
2041,petɾoleɾos,petʁolje
2042,t͡ʃokolate,ʃokola
2043,multiples,myltipl
2044,ofensiba,ofɑ̃siv
2045,ɾweðas,ʁu
2046,aspiɾasiones,aspiʁasjɔ̃
2047,mekanismo,mekanism
2048,kanalisasion,kanalizasjɔ̃
2049,inteɾnasional,ɛ̃tɛʁnasjonal
2050,iðentifikaðas,idɑ̃tifje
2051,koloɾ,kulœʁ
2052,bɾasileɲos,bʁeziljɛ̃
2053,instɾuksiones,ɛ̃stʁyksjɔ̃
2054,simplifikaɾ,sɛ̃plifje
2055,kontinxente,kɔ̃tɛ̃ʒɑ̃
2056,wmanas,ymɛn
2057,disposision,dispozisjɔ̃
2058,euɾopeos,œʁopeɛ̃
2059,seɾemonja,seʁemoni
2060,konsentɾaðo,kɔ̃sɑ̃tʁe
2061,definiðos,defini
2062,indiɾektamente,ɛ̃diʁɛktəmɑ̃
2063,anɣwlaɾ,ɑ̃ɡylɛʁ
2064,munisipjos,mynicipalite
2065,moðeɾnisaðo,modɛʁnize
2066,peɾspektibas,pɛʁspɛktiv
2067,disiembɾe,desɑ̃bʁ
2068,inteɾbalos,ɛ̃tɛʁval
2069,libeɾalismo,libeʁalism
2070,libeɾasion,libeʁasjɔ̃
2071,pɾeliminaɾes,pʁeliminɛʁ
2072,soldaðo,sɔlda
2073,difisilmente,difisiləmɑ̃
2074,talibanes,talibɑ̃
2075,dissipulos,disipl
2076,lisensias,lisɑ̃s
2077,simplemente,sɛ̃pləmɑ̃
2078,sosioloxikas,sosjoloʒik
2079,simbolo,sɛ̃bɔl
2080,monasteɾjo,monastɛʁ
2081,matɾis,matʁis
2082,ɾitwal,ʁitɥɛl
2083,paɾakaiðistas,paʁaʃytist
2084,defendeɾ,defɑ̃dʁ
2085,exemplaɾ,əgzɑ̃plɛʁ
2086,faboɾeseɾ,favoʁize
2087,kooɾðinaðoɾ,koɔʁdinatœʁ
2088,dilema,dilɛm
2089,konklusjon,kɔ̃klyzjɔ̃
2090,obliɣatoɾjamente,obliɡatwaʁəmɑ̃
2091,eskandalos,skɑ̃dal
2092,kaɾɣeɾo,kaʁɡo
2093,ɾeklutaɾ,ʁəkʁyte
2094,obstakulo,ɔbstakl
2095,estable,stabl
2096,moɾiɾa,muʁʁa
2097,sitwasion,sitɥasjɔ̃
2098,populaɾiðað,popylaʁite
2099,xenoma,ʒenom
2100,emboskaða,ɑ̃byskad
2101,mutwamente,mytɥɛləmɑ̃
2102,pɾostitutas,prostitɥe
2103,loteɾja,lɔtəʁi
2104,konfeɾensias,kɔ̃feʁɑ̃s
2105,tɾanspoɾtaðo,tʁɑ̃spɔʁte
2106,instɾumentos,ɛ̃stʁymɑ̃
2107,poɾtwaɾjas,pɔʁtɥɛʁ
2108,feðeɾalismo,fedeʁalism
2109,desakweɾðos,dezakɔʁ
2110,bjolasion,vjolasjɔ̃
2111,pɾofesoɾ,profɛsœʁ
2112,dispeɾsaɾ,dispɛʁse
2113,bataʝones,batajɔ̃
2114,seðimentos,sedimɑ̃
2115,nataliðað,natalite
2116,dimisjon,demisjɔ̃
2117,emosiones,emosjɔ̃
2118,ɾespektibas,ʁɛspɛktiv
2119,aljansas,aljɑ̃s
2120,fumaɾ,fyme
2121,konbeɾsjones,kɔ̃vɛʁsjɔ̃
2122,inbentaɾjo,ɛ̃vɑ̃tɛʁ
2123,konboies,kɔ̃vwa
2124,impoɾtaðos,ɛ̃pɔʁte
2125,estɾateɣa,stʁatɛʒ
2126,insuɾxentes,ɛ̃syʁʒe
2127,oɾmiɣas,fuʁmi
2128,paɾtituɾas,paʁtisjɔ̃
2129,dolaɾes,dolaʁ
2130,bokseaðoɾ,bɔksœʁ
2131,definitiba,definitiv
2132,kanseɾ,kɑ̃sɛʁ
2133,t͡ʃantaxe,ʃɑ̃taʒ
2134,fɾases,fʁaz
2135,kopjaɾ,kopje
2136,efikas,ɛfikas
2137,kultibaðas,kyltive
2138,bjolento,vjolɑ̃
2139,petɾoleɾas,petʁoljɛʁ
2140,sobjetiko,sovjetik
2141,ɾepljeɣe,ʁəpli
2142,xoias,ʒwajo
2143,tumoɾ,tymœʁ
2144,konseɾbaðoɾes,kɔ̃sɛʁvatœʁ
2145,siɣnos,siɲ
2146,diskɾetos,diskʁɛ
2147,tɾansfeɾensia,tʁɑ̃sfɛʁ
2148,konɣɾeso,kɔ̃ɡʁɛ
2149,ɾefuxiaɾse,ʁefyʒje
2150,konfiskaðas,kɔ̃fiske
2151,peɾðiðos,pɛʁdy
2152,klandestina,klɑ̃dɛstin
2153,komunismo,komynism
2154,peɾfiles,profi
2155,depaɾtamentos,depaʁtəmɑ̃
2156,kɾonoloxiko,kʁonoloʒik
2157,ɾomana,ʁomɛn
2158,kulpable,kupabl
2159,tesoɾeɾo,tʁezɔʁje
2160,alɣoɾitmos,alɡoʁitm
2161,inbitaðo,ɛ̃vite
2162,libeɾal,libeʁal
2163,ɾuptuɾas,ʁyptyʁ
2164,pista,pist
2165,meteoɾoloxia,meteoʁoloʒi
2166,leksiones,ləsɔ̃
2167,ekipo,ekip
2168,anekðota,anɛkdɔt
2169,pɾoðuktibiðað,prodyktivite
2170,mensaxe,mɛsaʒ
2171,kampeonatos,ʃɑ̃pjona
2172,ɾesolusiones,ʁezolysjɔ̃
2173,sondeos,sɔ̃daʒ
2174,kolektibas,kolɛktiv
2175,aksiðentes,aksidɑ̃
2176,inteɾna,ɛ̃tɛʁn
2177,torentes,toʁɑ̃
2178,bisentenaɾjo,bisɑ̃tənɛʁ
2179,sindikalista,sɛ̃dikalist
2180,ɾixiðas,ʁiʒid
2181,atɾosiðaðes,atʁosite
2182,teritoɾjos,tɛʁitwaʁ
2183,ɡɾatwita,ɡʁatɥit
2184,ekspeɾtos,ɛkspɛʁ
2185,sabanas,savan
2186,paðɾino,paʁɛ̃
2187,ɾentabiliðað,ʁɑ̃tabilite
2188,swisiðjos,sɥisid
2189,difeɾensial,difeʁɑ̃sjɛl
2190,koɾpoɾasion,kɔʁpoʁasjɔ̃
2191,paɾkes,paʁk
2192,komeɾsiales,komɛʁsjo
2193,pɾibilexiaða,pʁivileʒje
2194,automatikos,otomatik
2195,tuneles,tynɛl
2196,autoɾitaɾja,otoʁitɛʁ
2197,pasiente,pasjɑ̃
2198,koɾal,koʁaj
2199,libeɾtaðes,libɛʁte
2200,selektiba,selɛktiv
2201,sinjestɾo,sinistʁ
2202,ɾesusitaɾ,ʁɛsysite
2203,obsoletas,ɔbsolɛt
2204,depoɾtaðos,depoʁte
2205,ɡaɾantjas,ɡaʁɑ̃ti
2206,metal,metal
2207,inteɾaktibo,ɛ̃tɛʁaktif
2208,ɾeutilisasion,ʁeytilizasjɔ̃
2209,pɾinsipe,pʁɛ̃s
2210,konseɾbaðuɾismo,kɔ̃sɛʁvatism
2211,ileɣal,ileɡal
2212,beɾeðikto,vɛʁdikt
2213,espontaneamente,spɔ̃tanemɑ̃
2214,paɾisino,paʁizjɛ̃
2215,sepaɾatistas,sepaʁatist
2216,fɾaktuɾas,fʁaktyʁ
2217,aðultos,adylt
2218,ɾepɾesentaɾ,ʁəpʁesɑ̃te
2219,ɣɾjeɣos,ɡʁɛk
2220,bendision,benediksjɔ̃
2221,sindikalismo,sɛ̃dikalism
2222,aktibas,aktiv
2223,sintuɾon,sɛ̃tyʁ
2224,seɾebɾal,seʁebʁal
2225,munisiones,mynisjɔ̃
2226,ɡanan,ɡaɲ
2227,flota,flɔt
2228,meɾsenaɾjos,mɛʁsənɛʁ
2229,baɾjabiliðað,vaʁjabilite
2230,ɡɾupos,ɡʁup
2231,kubɾen,kuvʁ
2232,ɾomanas,ʁomɛn
2233,benɣansa,vɑ̃ʒɑ̃s
2234,detaʝes,detaj
2235,inbjeɾnos,ivɛʁ
2236,anomaljas,anomali
2237,ɾaðaɾes,ʁadaʁ
2238,solstisio,sɔlstis
2239,etiketas,etikɛt
2240,infinitamente,ɛ̃finimɑ̃
2241,beteɾanos,veteʁɑ̃
2242,finas,fin
2243,ɾefuxio,ʁəfyʒ
2244,sonas,zon
2245,inteɾjoɾ,ɛ̃teʁjœʁ
2246,peɾsistensia,pɛʁsistɑ̃s
2247,multinasional,myltinasjonal
2248,neutɾales,nœtʁ
2249,ɾekɾeaɾ,ʁəkʁee
2250,kɾomo,kʁom
2251,pɾotektoɾ,protɛktœʁ
2252,lexislasion,leʒislasjɔ̃
2253,libeɾaɾ,libeʁe
2254,bokal,vokal
2255,milisias,milis
2256,entusjasta,ɑ̃tuzjast
2257,baɾon,baʁɔ̃
2258,estabilisasion,stabilizasjɔ̃
2259,plantas,plɑ̃t
2260,ɾepublikano,ʁepyblikɛ̃
2261,bobinos,bovɛ̃
2262,diksionaɾjos,diksjonɛʁ
2263,ensiklopeðja,ɑ̃siklopedi
2264,miɣɾantes,miɡʁɑ̃
2265,diɣniðað,diɲite
2266,aɾkitektos,aʁʃitɛkt
2267,kɾeðito,kʁedi
2268,subteraneas,sutɛʁɛn
2269,finansieɾa,finɑ̃sjɛʁ
2270,aplikables,aplikabl
2271,pɾibaðas,pʁive
2272,seɾtifikaðos,sɛʁtifika
2273,xuɾisðiksion,ʒyʁidiksjɔ̃
2274,kompɾomiso,kɔ̃promi
2275,similaɾes,similɛʁ
2276,pɾematuɾamente,pʁematyʁemɑ̃
2277,konnotasion,konotasjɔ̃
2278,peɾsona,pɛʁsɔn
2279,ɾespetaðo,ʁɛspɛkte
2280,xuðisial,ʒydisjɛʁ
2281,wmeðales,ymid
2282,exeɾsisios,ɛgzɛʁsis
2283,deskɾipsiones,dɛskʁipsjɔ̃
2284,naufɾaxio,nofʁaʒ
2285,definiɾ,definiʁ
2286,komeɾsialmente,komɛʁsjaləmɑ̃
2287,espasial,spasjal
2288,nabales,naval
2289,peɾðiðas,pɛʁdy
2290,aɾmonja,aʁmoni
2291,fusjonando,fyzjɔn
2292,ekspeɾimental,ɛkspeʁimɑ̃tal
2293,indeseables,ɛ̃deziʁabl
2294,naufɾaɣos,nofʁaʒe
2295,tablas,tablo
2296,eksklusiba,ɛksklyziv
2297,kapasiðaðes,kapasite
2298,infɾaksiones,ɛ̃fʁaksjɔ̃
2299,fundasion,fɔ̃dasjɔ̃
2300,kontoɾnos,kɔ̃tuʁ
2301,lenɣwaxe,lɑ̃ɡaʒ
2302,pɾesiðentes,pʁezidɑ̃
2303,pɾepaɾatoɾja,pʁepaʁatwaʁ
2304,omosekswales,omosɛksɥɛl
2305,baʝes,vale
2306,biktoɾjana,viktɔʁjɛn
2307,ɾeximen,ʁeʒim
2308,funebɾes,fynɛbʁ
2309,nit͡ʃo,niʃ
2310,moðifikaɾ,modifje
2311,sekswaliðað,sɛksɥalite
2312,ɾekonosible,ʁəkonɛsabl
2313,piloto,pilɔt
2314,ɾeoɾɣanisasion,ʁeɔʁɡanizasjɔ̃
2315,mineɾas,minjɛʁ
2316,dɾamas,dʁam
2317,diswaðiɾ,disɥade
2318,apaɾtamentos,apaʁtəmɑ̃
2319,politoloɣo,politolɔɡ
2320,mikɾofono,mikʁo
2321,kɾitikaɾ,kʁitike
2322,ʝstoɾjaðoɾes,istɔʁjɛ̃
2323,momja,momi
2324,sosialismo,sosjalism
2325,djalektika,djalɛktik
2326,fɾaxiliðað,fʁaʒilite
2327,defensoɾ,defɑ̃sœʁ
2328,komeɾsialisaðos,komɛʁsjalize
2329,aɣɾikolas,aɡʁikɔl
2330,bɾonse,bʁɔ̃z
2331,abitante,abitɑ̃
2332,koeksistensia,koɛɡzistɑ̃s
2333,sulfato,sylfat
2334,supeɾjoɾ,sypeʁjœʁ
2335,ɡɾabemente,ɡʁavəmɑ̃
2336,abitantes,abitɑ̃
2337,ekskluiendo,ɛksklyɑ̃
2338,kontɾolaðoɾes,kɔ̃tʁolœʁ
2339,onoɾes,onœʁ
2340,dominaða,domine
2341,alemana,aləmɑ̃d
2342,xendaɾmeɾja,ʒɑ̃daʁməʁi
2343,puɾɣatoɾjo,pyʁɡatwaʁ
2344,pɾeseðente,pʁesedɑ̃
2345,ɾasonable,ʁɛzonabl
2346,espesifikasiones,spesifikasjɔ̃
2347,misiles,misil
2348,sosialista,sosjalist
2349,komeðjantes,komedjɛ̃
2350,finansiaðo,finɑ̃se
2351,ɾesiðensial,ʁezidɑ̃sjɛl
2352,indjo,ɛ̃djɛ̃
2353,nasiones,nasjɔ̃
2354,susesjon,syksɛsjɔ̃
2355,posision,pozisjɔ̃
2356,biktimas,viktim
2357,mobimjentos,muvəmɑ̃
2358,inundasiones,inɔ̃dasjɔ̃
2359,inteɣɾaðos,ɛ̃teɡʁe
2360,oɾisontalmente,oʁizɔ̃taləmɑ̃
2361,espektakulo,spɛktakl
2362,siklos,sikl
2363,doblaðas,duble
2364,ɾebolusionaɾja,ʁevolysjonɛʁ
2365,sondas,sɔ̃d
2366,demolision,demolisjɔ̃
2367,kansiʝeɾ,ʃɑ̃səlje
2368,bokasion,vokasjɔ̃
2369,sindɾome,sɛ̃dʁom
2370,bulɣaɾ,vylɡɛʁ
2371,konteneɾ,kɔ̃təniʁ
2372,feɾboɾ,fɛʁvœʁ
2373,mental,mɑ̃tal
2374,enanos,nɛ̃
2375,plumas,plym
2376,kontɾibusion,kɔ̃tʁibysjɔ̃
2377,klases,klas
2378,mosketeɾos,muskətɛʁ
2379,flamenkos,flamɑ̃
2380,pɾestasiones,pʁɛstasjɔ̃
2381,moluskos,molysk
2382,meksikana,mɛksikɛn
2383,xuɣetes,ʒwɛ
2384,ɾealismo,ʁealism
2385,obxetibos,ɔbʒɛktif
2386,kooɾðinasion,koɔʁdinasjɔ̃
2387,sektas,sɛkt
2388,blokeaðos,bloke
2389,kontɾaðiktoɾjas,kɔ̃tʁadiktwaʁ
2390,pɾobokasion,provokasjɔ̃
2391,seɾbisio,sɛʁvis
2392,ɡabinete,kabinɛ
2393,ɾobustos,ʁobyst
2394,salaɾjos,salɛʁ
2395,kompɾesjon,kɔ̃pʁɛsjɔ̃
2396,folkloɾe,fɔlklɔʁ
2397,lunaɾ,lynɛʁ
2398,fosiles,fosil
2399,pastoɾal,pastoʁal
2400,komposision,kɔ̃pɔzisjɔ̃
2401,pɾebisjones,pʁevizjɔ̃
2402,kolonja,koloni
2403,korespondensia,koʁɛspɔ̃dɑ̃s
2404,ɾepɾesentasiones,ʁəpʁezɑ̃tasjɔ̃
2405,kontables,kɔ̃tabl
2406,pulmones,pumɔ̃
2407,oɾisontes,oʁizɔ̃
2408,ɾeljebes,ʁəljɛf
2409,disolbentes,sɔlvɑ̃
2410,fjeles,fidɛl
2411,dessendjentes,dɛsɑ̃dɑ̃
2412,teɾmal,tɛʁmal
2413,konstitusional,kɔ̃stitysjonɛl
2414,komunes,komyn
2415,mineɾo,minje
2416,bariles,baʁil
2417,komeɾsial,komɛʁsjal
2418,inkɾeible,ɛ̃kʁwajabl
2419,inisialmente,inisjaləmɑ̃
2420,benta,vɑ̃t
2421,pulmon,pumɔ̃
2422,akusaðos,akyze
2423,meðaʝas,medaj
2424,aɾabe,aʁab
2425,ɾestauɾaɾ,ʁɛstoʁe
2426,bombas,bɔ̃b
2427,ɾesientes,ʁesɑ̃t
2428,limitasion,limitasjɔ̃
2429,elites,elit
2430,espektakulaɾes,spɛktakylɛʁ
2431,aɾtikulos,aʁtikl
2432,etapas,etap
2433,depɾesjones,depʁɛsjɔ̃
2434,metoðoloxia,metodoloʒi
2435,imitando,imitɑ̃
2436,demoleɾ,demoliʁ
2437,kopja,kopi
2438,elektoɾes,elɛktœʁ
2439,kolonos,kolɔ̃
2440,kontakto,kɔ̃takt
2441,kompetensias,kɔ̃petɑ̃s
2442,seɾja,səʁɛ
2443,dibisjon,divizjɔ̃
2444,kometeɾ,komɛtʁ
2445,obseɾbatoɾjo,ɔbsɛʁvatwaʁ
2446,komeɾsialisaðo,komɛʁsjalize
2447,bolkan,vɔlkɑ̃
2448,semana,səmɛn
2449,peɾsonas,pɛʁsɔn
2450,seksos,sɛks
2451,impɾesjonaðo,ɛ̃pʁɛsjone
2452,wmano,ymɛ̃
2453,inboluntaɾjamente,ɛ̃volɔ̃tɛʁəmɑ̃
2454,faktoɾ,faktœʁ
2455,pɾefjeɾe,pʁefɛʁ
2456,pluma,plym
2457,ikonos,ikon
2458,milisianos,milisjɛ̃
2459,supeɾfisies,syʁfas
2460,sineastas,sineast
2461,islamista,islamist
2462,sosioloxika,sosjoloʒik
2463,tɾjanɣwlaɾ,tʁijɑ̃ɡylɛʁ
2464,solaɾes,solɛʁ
2465,oɾatoɾja,oʁatwaʁ
2466,inspektoɾ,ɛ̃spɛktœʁ
2467,ɾespiɾatoɾja,ʁɛspiʁatwaʁ
2468,pasjon,pasjɔ̃
2469,ɾapiðamente,ʁapidəmɑ̃
2470,pɾoklamaɾ,proklame
2471,desisibas,desiziv
2472,publikasiones,pyblikasjɔ̃
2473,espesimenes,spesimɛn
2474,paɾlamentos,paʁləmɑ̃
2475,pastoɾ,pastœʁ
2476,konsekwensias,kɔ̃sekɑ̃s
2477,kolisjones,kolizjɔ̃
2478,ɾeseɾbaðos,ʁezɛʁve
2479,kɾeatiba,kʁeativ
2480,opsiones,ɔpsjɔ̃
2481,insiðentes,ɛ̃sidɑ̃
2482,seɾpjentes,sɛʁpɑ̃
2483,ekspeɾjensias,ɛkspeʁjɑ̃s
2484,inteɾfas,ɛ̃tɛʁfas
2485,puntos,pwɛ̃
2486,oɾaɾjos,oʁɛʁ
2487,infinita,ɛ̃fini
2488,kapitalisasion,kapitalizasjɔ̃
2489,ɾeðuksiones,ʁedyksjɔ̃
2490,desoɾðen,dezɔʁdʁ
2491,supɾesjon,sypʁɛsjɔ̃
2492,kontɾol,kɔ̃tʁol
2493,ɡɾupo,ɡʁup
2494,kompensasion,kɔ̃pɑ̃sasjɔ̃
2495,efekto,efɛ
2496,eksplotaða,ɛksplwate
2497,ɾasonamjento,ʁɛzɔnəmɑ̃
2498,disolbente,sɔlvɑ̃
2499,peɾpetwa,pɛʁpetɥite
2500,foɾmato,fɔʁma
2501,dominaðo,domine
2502,desmantelamjento,demɑ̃tɛləmɑ̃
2503,inspektoɾes,ɛ̃spɛktœʁ
2504,poɾtal,pɔʁtaj
2505,benefisiaɾjos,benefisjɛʁ
2506,tɾaxeðjas,tʁaʒedi
2507,plasas,plas
2508,eksposisiones,ɛkspozisjɔ̃
2509,ɾeibindikasion,ʁəvɑ̃dikasjɔ̃
2510,mekanismos,mekanism
2511,konduktoɾ,kɔ̃dyktœʁ
2512,fjebɾe,fjɛvʁ
2513,apaɾjensias,apaʁɑ̃s
2514,sansiones,sɑ̃ksjɔ̃
2515,ebitando,evitɑ̃
2516,konsepsion,kɔ̃sɛpsjɔ̃
2517,oktubɾe,oktɔbʁ
2518,piɾatas,piʁat
2519,bomba,bɔ̃b
2520,ireɣwlaɾiðaðes,iʁeɡylaʁite
2521,bisantina,bizɑ̃tin
2522,diɾektos,diʁɛkt
2523,antisemita,ɑ̃tisemit
2524,italjanos,italjɛ̃
2525,katalanes,katalɑ̃
2526,torente,toʁɑ̃
2527,pɾjoɾitaɾja,pʁijoʁitɛʁ
2528,sinaɣoɣas,sinaɡɔɡ
2529,dibiðiɾ,divize
2530,pɾebension,pʁevɑ̃sjɔ̃
2531,mateɾna,matɛʁnɛl
2532,konsoliðaɾ,kɔ̃sɔlide
2533,fit͡ʃeɾo,fiʃje
2534,abitaða,abite
2535,paisaxe,peizaʒ
2536,pinto,pɛ̃
2537,infoɾmaðo,ɛ̃fɔʁme
2538,susesibas,syksɛsiv
2539,ɡloɾjosa,ɡlɔʁjœz
2540,estɾikta,stʁikt
2541,feministas,feminist
2542,neɣatibas,neɡativ
2543,blokeaðo,bloke
2544,pwentes,pɔ̃
2545,distoɾsjon,distɔʁsjɔ̃
2546,tɾaðuksion,tʁadyksjɔ̃
2547,inspiɾaðas,ɛ̃spiʁe
2548,poɾselana,pɔʁsəlɛn
2549,difisiles,difisil
2550,iðeas,ide
2551,misjon,misjɔ̃
2552,elemento,elemɑ̃
2553,sombis,zɔ̃bi
2554,buɾɣeses,buʁʒwa
2555,pɾeskɾipsion,pʁɛskʁipsjɔ̃
2556,djamantes,djamɑ̃
2557,pɾesjon,pʁɛsjɔ̃
2558,moðifikaðos,modifje
2559,mineɾal,mineʁal
2560,mobilisasion,mobilizasjɔ̃
2561,kolektibamente,kolɛktivəmɑ̃
2562,kondenaɾ,kɔ̃dɑne
2563,lentamente,lɑ̃təmɑ̃
2564,kompatɾjotas,kɔ̃patʁijɔt
2565,foɾmales,fɔʁmɛl
2566,kombatjentes,kɔ̃batɑ̃
2567,djalekto,djalɛkt
2568,inteɾðissiplinaɾjo,ɛ̃tɛʁdisiplinɛʁ
2569,dɾoɣa,dʁɔɡ
2570,pɾoseso,prosɛsys
2571,beinte,vɛ̃
2572,ekibalentes,ekivalɑ̃t
2573,maɾxen,maʁʒ
2574,ɾoðante,ʁulɑ̃
2575,foɾos,foʁɔm
2576,aɾtifisial,aʁtifisjɛl
2577,dominaðos,domine
2578,koopeɾasion,koopeʁasjɔ̃
2579,difusjon,difyzjɔ̃
2580,obseɾbaðoɾes,ɔbsɛʁvatœʁ
2581,mandaɾin,mɑ̃daʁɛ̃
2582,xenosiðjo,ʒenosid
2583,iɾlandeses,iʁlɑ̃dɛ
2584,ɾespeto,ʁɛspɛ
2585,inteɾaksiones,ɛ̃tɛʁaksjɔ̃
2586,eksamenes,ɛgzamɛ̃
2587,konstɾwiðos,kɔ̃stʁɥi
2588,xaponesas,ʒaponɛz
2589,pɾoteinas,protein
2590,ɾiðikulo,ʁidikyl
2591,moðeɾasion,modeʁasjɔ̃
2592,katalana,katalan
2593,dikes,diɡ
2594,aɾxentina,aʁʒɑ̃tin
2595,insiðente,ɛ̃sidɑ̃
2596,kandiðatuɾa,kɑ̃didatyʁ
2597,duɾaɾ,dyʁe
2598,konfiɾmando,kɔ̃fiʁmɑ̃
2599,unibeɾsitaɾja,ynivɛʁsitɛʁ
2600,maxestað,maʒɛste
2601,ɾuleta,ʁulɛt
2602,xeneɾal,ʒeneʁal
2603,difisil,difisil
2604,ɾeunjones,ʁeynjɔ̃
2605,inkonbenjentes,ɛ̃kɔ̃venjɑ̃
2606,komplementaɾja,kɔ̃plemɑ̃tɛʁ
2607,anomalja,anomali
2608,absoɾbiðo,absɔʁbe
2609,poetikos,poetik
2610,nobjembɾe,novɑ̃bʁ
2611,eksteɾnos,ɛkstɛʁn
2612,eksplikasion,ɛksplikasjɔ̃
2613,komeɾsio,komɛʁs
2614,miʝaɾ,milje
2615,libanesa,libanɛz
2616,moɾiɾ,muʁiʁ
2617,kontɾibuie,kɔ̃tʁiby
2618,maxia,maʒi
2619,wmanitaɾjas,ymanitɛʁ
2620,lektuɾas,lɛktyʁ
2621,bapoɾes,vapœʁ
2622,kɾeaɾ,kʁee
2623,impoɾtaðo,ɛ̃pɔʁte
2624,konsepsiones,kɔ̃sɛpsjɔ̃
2625,eksteɾjoɾes,ɛksteʁjœʁ
2626,aktibiðaðes,aktivite
2627,ɾeseɾbaɾ,ʁezɛʁve
2628,pɾima,pʁim
2629,menta,mɑ̃t
2630,xuɾista,ʒyʁist
2631,pɾoðuktoɾes,prodyktœʁ
2632,aneksos,ɑnɛks
2633,sentimjentos,sɑ̃timɑ̃
2634,pɾopjas,prɔpʁ
2635,ɡɾatwitos,ɡʁatɥi
2636,defendja,defɑ̃dɛ
2637,foɾmaðos,fɔʁme
2638,ɡwbeɾnamentales,ɡuvɛʁnəmɑ̃tal
2639,kuɾjosamente,kyʁjœzəmɑ̃
2640,bɾutaliðað,bʁytalite
2641,platafoɾmas,plat-fɔʁm
2642,lixeɾos,leʒe
2643,kuɾða,kyʁd
2644,ostil,ɔstil
2645,lenɣwaxes,lɑ̃ɡaʒ
2646,toleɾansia,toleʁɑ̃s
2647,empleaðoɾ,ɑ̃plwajœʁ
2648,ɾeflexaɾ,ʁəflete
2649,ɾasismo,ʁasism
2650,ambisiones,ɑ̃bisjɔ̃
2651,baɣones,vaɡɔ̃
2652,ɡwaɾðjana,ɡaʁdjɛn
2653,limitaɾ,limite
2654,paðɾes,paʁɑ̃
2655,pɾoɣɾamasion,proɡʁɑmasjɔ̃
2656,inkapases,ɛ̃kapabl
2657,inmeðjatos,imedja
2658,tutela,tytɛl
2659,estɾuktuɾaða,stʁyktyʁe
2660,mineɾos,minje
2661,konsulta,kɔ̃syltasjɔ̃
2662,ɾespektibamente,ʁɛspɛktivəmɑ̃
2663,anales,anal
2664,moðestos,modɛst
2665,pensaðoɾ,pɑ̃sœʁ
2666,lenta,lɑ̃t
2667,kastas,kast
2668,kontɾibuien,kɔ̃tʁiby
2669,kɾiteɾjo,kʁitɛʁ
2670,ɾelansaɾ,ʁəlɑ̃se
2671,biʝete,bijɛ
2672,kompwestos,kɔ̃pɔze
2673,pɾepaɾatibos,pʁepaʁatif
2674,eskolaɾ,skolɛʁ
2675,inteɾesante,ɛ̃teʁɛsɑ̃
2676,pɾometiðo,promi
2677,komisjon,komisjɔ̃
2678,tempeɾamento,tɑ̃peʁamɑ̃
2679,definitibo,definitif
2680,polisia,pɔlis
2681,ɾekoɾðs,ʁəkɔʁ
2682,populaɾes,popylɛʁ
2683,ambiɣwo,ɑ̃biɡy
2684,eskwaðɾones,ɛskadʁɔ̃
2685,paɾametɾos,paʁamɛtʁ
2686,monumentos,monymɑ̃
2687,publisiðað,pyblisite
2688,kolonjas,koloni
2689,kultuɾa,kyltyʁ
2690,laboɾatoɾjo,laboʁatwaʁ
2691,ɾumoɾes,ʁymœʁ
2692,finansieɾas,finɑ̃sjɛʁ
2693,minutos,minyt
2694,desisjon,desizjɔ̃
2695,ɾumanas,ʁumɛn
2696,bjenal,bjɛnal
2697,kable,kabl
2698,masibamente,masivəmɑ̃
2699,aðmiɾaðoɾ,admiʁatœʁ
2700,definisiones,definisjɔ̃
2701,kanto,ʃɑ̃te
2702,inisiatibas,inisjativ
2703,asamblea,asɑ̃ble
2704,kapitulasion,kapitylasjɔ̃
2705,sentɾos,sɑ̃tʁ
2706,aðministɾasiones,administʁasjɔ̃
2707,meɾkuɾjo,mɛʁkyʁ
2708,maxistɾatuɾa,maʒistʁatyʁ
2709,diɾektiba,diʁɛktiv
2710,klimas,klima
2711,ɾektanɣwlo,ʁɛktɑ̃ɡl
2712,konsultoɾ,kɔ̃syltɑ̃
2713,autonomas,otonom
2714,aɾtifisiales,aʁtifisjɛl
2715,aplikasiones,aplikasjɔ̃
2716,kompasjon,kɔ̃pasjɔ̃
2717,kompaɾtimentos,kɔ̃paʁtimɑ̃
2718,politikamente,politikəmɑ̃
2719,feɾtil,fɛʁtil
2720,fɾekwensias,fʁekɑ̃s
2721,maɾtiɾes,maʁtiʁ
2722,pasaxeɾo,pasaʒe
2723,unibeɾsiðaðes,ynivɛʁsite
2724,kwestjonaɾjo,kɛstjonɛʁ
2725,peɾmitiðo,pɛʁmi
2726,austɾaljanos,ostʁaljɛ̃
2727,dibeɾsifikasion,divɛʁsifikasjɔ̃
2728,monoloɣo,monolɔɡ
2729,omoxeneas,omoʒɛn
2730,feɾtiles,fɛʁtil
2731,ekonomjas,ekonomi
2732,aktwalmente,aktɥɛləmɑ̃
2733,mitin,mitiŋ
2734,positibos,pozitif
2735,aktibo,aktif
2736,delimitaðo,delimite
2737,tɾansisiones,tʁɑ̃zisjɔ̃
2738,eksteɾno,ɛkstɛʁn
2739,eskandinabos,skɑ̃dinav
2740,pɾometeðoɾ,promɛtœʁ
2741,korektamente,koʁɛktəmɑ̃
2742,dulse,dus
2743,ɾepɾesentan,ʁəpʁezɑ̃t
2744,siɣla,siɡl
2745,konsentɾasion,kɔ̃sɑ̃tʁasjɔ̃
2746,tɾaðision,tʁadisjɔ̃
2747,aeɾeas,aeʁjɛn
2748,klasifikasion,klasifikasjɔ̃
2749,espaɲolas,ɛspaɲɔl
2750,kampaɲa,kɑ̃paɲ
2751,lektoɾ,lɛktœʁ
2752,koreo,kuʁje
2753,sekswalmente,sɛksɥɛləmɑ̃
2754,paɾtes,paʁti
2755,kulinaɾja,kylinɛʁ
2756,insendjos,ɛ̃sɑ̃di
2757,muskulos,myskl
2758,obɾeɾos,uvʁje
2759,pasifista,pasifist
2760,oxibas,oʒiv
2761,solusiones,sɔlysjɔ̃
2762,teknoloxias,tɛknoloʒi
2763,bakantes,vakɑ̃
2764,olibos,olivje
2765,pɾoɣɾeso,proɡʁɛ
2766,elektoɾal,elɛktoʁal
2767,tentasion,tɑ̃tasjɔ̃
2768,sibilisasion,sivilizasjɔ̃
2769,pɾibaðos,pʁive
2770,impoɾtasiones,ɛ̃pɔʁtasjɔ̃
2771,kolonisaɾ,kolonize
2772,nasion,nasjɔ̃
2773,simpatisantes,sɛ̃patisɑ̃
2774,moðifikaðo,modifje
2775,fɾankofonos,fʁɑ̃kofɔn
2776,konsultas,kɔ̃syltasjɔ̃
2777,deskɾitos,dekʁi
2778,konseɾbaðoɾa,kɔ̃sɛʁvatʁis
2779,t͡ʃeke,ʃɛk
2780,ɾekomendasion,ʁəkomɑ̃dasjɔ̃
2781,wmana,ymɛn
2782,ɾespeta,ʁɛspɛkt
2783,pɾotaɣonistas,protaɡonist
2784,pɾeokupasiones,pʁeokypasjɔ̃
2785,belɣa,bɛlʒ
2786,pɾoblemas,problɛm
2787,inteɾkontinental,ɛ̃tɛʁkɔ̃tinɑ̃tal
2788,monasteɾjos,monastɛʁ
2789,aleatoɾja,aleatwaʁ
2790,sepaɾaɾ,sepaʁe
2791,ilustɾaðo,ilystʁe
2792,konseptos,kɔ̃sɛpt
2793,soliðaɾiðað,solidaʁite
2794,teroɾistas,tɛʁoʁist
2795,koloɾasion,koloʁasjɔ̃
2796,natasion,natasjɔ̃
2797,indibiðwos,ɛ̃dividy
2798,optimista,ɔptimist
2799,intimas,ɛ̃tim
2800,listas,list
2801,ɾapiðas,ʁapid
2802,poɾtales,pɔʁtaj
2803,deklaɾasiones,deklaʁasjɔ̃
2804,oɾɣanos,ɔʁɡan
2805,dessentɾalisasion,desɑ̃tʁalizasjɔ̃
2806,eksplotasiones,ɛksplwatasjɔ̃
2807,sekɾetos,sɛkʁɛ
2808,diktaðoɾ,diktatœʁ
2809,ɾesumiɾ,ʁezyme
2810,konbeɾtiðoɾ,kɔ̃vɛʁtisœʁ
2811,fuɾoɾ,fyʁœʁ
2812,deteɾminasion,detɛʁminasjɔ̃
2813,konsentɾasiones,kɔ̃sɑ̃tʁasjɔ̃
2814,solaɾ,solɛʁ
2815,kotisasiones,kotizasjɔ̃
2816,mantenimjento,mɛ̃tjɛ̃
2817,palestina,palɛstinjɛn
2818,paɾtikulas,paʁtikyl
2819,sauses,sol
2820,pensjon,pɑ̃sjɔ̃
2821,atɾaen,atiʁ
2822,aklamaðo,aklame
2823,fines,finwa
2824,kombinaɾ,kɔ̃bine
2825,misteɾjosamente,misteʁjœzəmɑ̃
2826,litjo,litjɔm
2827,fondos,fɔ̃
2828,disiðentes,disidɑ̃
2829,bakas,vaʃ
2830,omoloɣos,omolɔɡ
2831,implisitamente,ɛ̃plisitəmɑ̃
2832,insekto,ɛ̃sɛkt
2833,tɾaðuksiones,tʁadyksjɔ̃
2834,koleksiones,kolɛksjɔ̃
2835,konbensiones,kɔ̃vɑ̃sjɔ̃
2836,aðaptaɾ,adapte
2837,tempoɾal,tɑ̃poʁɛʁ
2838,bankaɾja,bɑ̃kɛʁ
2839,supeɾjoɾiðað,sypeʁjoʁite
2840,dispeɾsos,dispɛʁse
2841,korosjon,koʁozjɔ̃
2842,dibeɾxensia,divɛʁʒɑ̃s
2843,eneɾxetika,enɛʁʒetik
2844,ɾeðistɾibusion,ʁədistʁibysjɔ̃
2845,misjones,misjɔ̃
2846,ɾinoseɾonte,ʁinoseʁɔs
2847,unibeɾsal,ynivɛʁsɛl
2848,impulsos,ɛ̃pylsjɔ̃
2849,kompɾometeɾ,kɔ̃promɛtʁ
2850,linɣwistas,lɛ̃ɡɥist
2851,kontaktos,kɔ̃takt
2852,pasaɾela,pasəʁɛl
2853,meksikanos,mɛksikɛ̃
2854,maskulinos,maskylɛ̃
2855,bisepɾesiðentes,vis-pʁezidɑ̃
2856,indikatibo,ɛ̃dikatif
2857,inteɾnautas,ɛ̃tɛʁnot
2858,poemas,poɛm
2859,sentenaɾjo,sɑ̃tənɛʁ
2860,ɾesultaðos,ʁezylta
2861,kapasiðað,kapasite
2862,deskolonisasion,dekolonizasjɔ̃
2863,lexislatibas,leʒislativ
2864,foɾmasiones,fɔʁmasjɔ̃
2865,pɾobinsia,provɛ̃s
2866,oponentes,opozɑ̃
2867,subxetiba,sybʒɛktiv
2868,essenaɾjos,senaʁjo
2869,koloɾes,kulœʁ
2870,fat͡ʃaðas,fasad
2871,kamjones,kamjɔ̃
2872,anekðotiko,anɛkdotik
2873,klanes,klɑ̃
2874,pɾensas,pʁɛs
2875,kontempoɾaneo,kɔ̃tɑ̃poʁɛ̃
2876,tensjon,tɑ̃sjɔ̃
2877,tendensia,tɑ̃dɑ̃s
2878,tɾaktoɾes,tʁaktœʁ
2879,kombates,kɔ̃ba
2880,ɾefoɾmas,ʁefɔʁm
2881,ɡobeɾnansa,ɡuvɛʁnɑ̃s
2882,kompetitibiðað,kɔ̃petitivite
2883,alteɾnan,altɛʁn
2884,kampeonato,ʃɑ̃pjona
2885,ekssentɾika,ɛksɑ̃tʁik
2886,ɾestauɾantes,ʁɛstoʁɑ̃
2887,lixeɾamente,leʒɛʁəmɑ̃
2888,pɾomesas,promɛs
2889,wmanitaɾja,ymanitɛʁ
2890,kapitan,kapitɛn
2891,balones,balɔ̃
2892,ɾepɾoðuksiones,ʁəprodyksjɔ̃
2893,inaksesible,inaksɛsibl
2894,ensimas,ɑ̃zim
2895,optima,ɔptimal
2896,seɾjes,seʁi
2897,miʝas,mil
2898,solemnemente,solanɛləmɑ̃
2899,iðentifikable,idɑ̃tifjabl
2900,espiɾitwal,spiʁitɥɛl
2901,ɾekonkista,ʁəkɔ̃kɛt
2902,maioɾitaɾja,maʒoʁitɛʁ
2903,peɾsonaliðaðes,pɛʁsonalite
2904,balanse,bilɑ̃
2905,sosioloxia,sosjoloʒi
2906,ɾeimpɾesjon,ʁeɛ̃pʁɛsjɔ̃
2907,automatisaðo,otomatize
2908,pɾotestantes,protɛstɑ̃
2909,independjente,ɛ̃depɑ̃dɑ̃t
2910,deteksion,detɛksjɔ̃
2911,amenasas,mənas
2912,eðukatibo,edykatif
2913,aumentaðo,oɡmɑ̃te
2914,ɾesume,ʁezym
2915,tempeɾatuɾa,tɑ̃peʁatyʁ
2916,kolektibo,kolɛktif
2917,bisibiliðað,vizibilite
2918,pɾotexen,protɛʒ
2919,tɾimestɾal,tʁimɛstʁijɛl
2920,sentɾal,sɑ̃tʁal
2921,dissipulo,disipl
2922,pɾobinsiales,provɛ̃sjo
2923,pɾoɣɾesistas,proɡʁɛsist
2924,difikultað,difikylte
2925,kwestjon,kɛstjɔ̃
2926,konbiksiones,kɔ̃viksjɔ̃
2927,asimilaðos,asimile
2928,dokumentales,dokymɑ̃tɛʁ
2929,eksplikaɾ,ɛksplike
2930,sitwasiones,sitɥasjɔ̃
2931,paɾlamentaɾja,paʁləmɑ̃tɛʁ
2932,konbeɾsjon,kɔ̃vɛʁsjɔ̃
2933,neutɾaliðað,nœtʁalite
2934,kontable,kɔ̃tabl
2935,destɾuksion,dɛstʁyksjɔ̃
2936,fusjonaða,fyzjone
2937,asimetɾika,asimetʁik
2938,kwatɾo,katʁ
2939,euɾopeo,œʁopeɛ̃
2940,kontɾaðiksiones,kɔ̃tʁadiksjɔ̃
2941,manipulasiones,manipylasjɔ̃
2942,metabolismo,metabolism
2943,espektɾos,spɛktʁ
2944,kamjon,kamjɔ̃
2945,dekoɾatibos,dekoʁatif
2946,bobino,bovin
2947,inkompleta,ɛ̃kɔ̃plɛt
2948,kontɾobeɾsja,kɔ̃tʁovɛʁs
2949,fotoɣɾafjaɾ,fotoɡʁafje
2950,dɾama,dʁam
2951,anɣlikana,ɑ̃ɡlikan
2952,kolektibiðaðes,kolɛktivite
2953,kondision,kɔ̃disjɔ̃
2954,ɡiaðas,ɡide
2955,autoktona,otokton
2956,manifestasion,manifɛstasjɔ̃
2957,moɾal,moʁal
2958,intelektwal,ɛ̃tɛlɛktɥɛl
2959,kompaɾten,paʁtaʒ
2960,paisaxista,peizaʒist
2961,kolektiba,kolɛktiv
2962,natuɾalesa,natyʁ
2963,maxistɾaðos,maʒistʁa
2964,submaɾinos,su-maʁɛ̃
2965,fasetas,fasɛt
2966,miles,milje
2967,inestable,ɛ̃stabl
2968,mandato,mɑ̃da
2969,planes,plɑ̃
2970,kontɾobeɾtiða,kɔ̃tʁovɛʁse
2971,paisaxes,peizaʒ
2972,penales,penal
2973,lexislatuɾa,leʒislatyʁ
2974,suxieɾe,syɡʒɛʁ
2975,kalsio,kalsjɔm
2976,ɾelikja,ʁəlik
2977,opeɾatibo,opeʁasjonɛl
2978,natuɾalisasion,natyʁalizasjɔ̃
2979,bilinɣwe,bilɛ̃ɡ
2980,apaɾtamento,apaʁtəmɑ̃
2981,teknoloxia,tɛknoloʒi
2982,sibiles,sivil
2983,ɾetɾansmisjon,ʁətʁɑ̃smisjɔ̃
2984,ɾaðikalmente,ʁadikaləmɑ̃
2985,alkooles,alkɔl
2986,konektoɾ,konɛktœʁ
2987,libɾemente,libʁəmɑ̃
2988,metoðos,metɔd
2989,difeɾensiasion,difeʁɑ̃sjasjɔ̃
2990,selulas,sɛlyl
2991,konfiɾman,kɔ̃fiʁm
2992,inskɾitos,ɛ̃skʁi
2993,opeɾasion,opeʁasjɔ̃
2994,plenipotensiaɾjo,plenipotɑ̃sjɛʁ
2995,koɾoneles,kolonɛl
2996,pɾonunsiasion,pronɔ̃sjasjɔ̃
2997,eroɾ,ɛʁœʁ
2998,beɾlines,bɛʁlinwa
2999,xweses,ʒyʒ
3000,kompaɾasiones,kɔ̃paʁɛzɔ̃
3001,militantes,militɑ̃
3002,austɾaljanas,ostʁaljɛn
3003,baras,baʁ
3004,ɾelixion,ʁəliʒjɔ̃
3005,kontɾibwiðo,kɔ̃tʁibɥe
3006,xuðisiales,ʒydisjɛʁ
3007,ɾespetaɾ,ʁɛspɛkte
3008,ekstɾaoɾðinaɾja,ɛkstʁaɔʁdinɛʁ
3009,konkoɾðja,kɔ̃kɔʁd
3010,pɾostitusion,pʁɔstitysjɔ̃
3011,bjolasiones,vjɔlasjɔ̃
3012,tibetano,tibetɛ̃
3013,metɾo,metʁo
3014,xunta,ʒɛ̃t
3015,eminentes,eminɑ̃
3016,demokɾasia,demokʁasi
3017,pɾotestas,protɛstasjɔ̃
3018,positiba,pozitiv
3019,asambleas,asɑ̃ble
3020,aksesibles,aksɛsibl
3021,pɾotektoɾes,protɛktœʁ
3022,kɾusifixo,kʁysifi
3023,sekɾetas,səkʁɛt
3024,instituto,ɛ̃stity
3025,buðistas,budist
3026,dilixensia,diliʒɑ̃s
3027,patɾimonjo,patʁimwan
3028,inteɾjoɾes,ɛ̃teʁjœʁ
3029,bjetnamita,vjɛtnamjɛ̃
3030,deleɣasiones,deleɡasjɔ̃
3031,sanɣinea,sɑ̃ɡin
3032,ɾepɾesentaðos,ʁəpʁezɑ̃te
3033,bombaɾðeaɾ,bɔ̃baʁde
3034,maɣnesjo,maɲezjɔm
3035,tjeras,tɛʁ
3036,desapaɾision,dispaʁisjɔ̃
3037,testamento,tɛstamɑ̃
3038,planetas,planɛt
3039,endemika,ɑ̃demik
3040,tɾansfoɾmaɾ,tʁɑ̃sfɔʁme
3041,supeɾfisie,syʁfas
3042,nasionaliðað,nasjonalite
3043,ɡeriʝa,ɡeʁija
3044,mensiones,mɑ̃sjɔ̃
3045,paɾtisipa,paʁtisip
3046,fɾaksiones,fʁaksjɔ̃
3047,loɣotipos,loɡo
3048,ofisiales,ofisjɛl
3049,pasapoɾte,pasəpɔʁ
3050,austɾjakos,otʁiʃjɛ̃
3051,beɾtikal,vɛʁtikal
3052,sentɾalisaða,sɑ̃tʁalize
3053,epiðemjas,epidemi
3054,sensibiliðað,sɑ̃sibilite
3055,bolkanes,vɔlkɑ̃
3056,eksplotaðo,ɛksplwate
3057,animasiones,animasjɔ̃
3058,maɾina,maʁin
3059,institutos,ɛ̃stity
3060,indiɾekta,ɛ̃diʁɛkt
3061,ɾesistiɾ,ʁeziste
3062,atakes,atak
3063,elementales,elemɑ̃tɛʁ
3064,tenis,tɛnis
3065,kateðɾal,katedʁal
3066,pɾinsipes,pʁɛ̃s
3067,maɣnetismo,maɲetism
3068,bombaɾðeɾo,bɔ̃baʁdje
3069,aɾɣwmentos,aʁɡymɑ̃
3070,inteɾpɾetasiones,ɛ̃tɛʁpʁetasjɔ̃
3071,plantaða,plɑ̃te
3072,bareɾas,baʁjɛʁ
3073,kontɾaðiksion,kɔ̃tʁadiksjɔ̃
3074,tɾjanɣwlaɾes,tʁijɑ̃ɡylɛʁ
3075,monxe,mwan
3076,funsionales,fɔ̃ksjonɛl
3077,kondisiones,kɔ̃disjɔ̃
3078,potensialmente,potɑ̃sjɛləmɑ̃
3079,tɾjanɣwlo,tʁijɑ̃ɡl
3080,ɡaɾantisaɾ,ɡaʁɑ̃tiʁ
3081,pɾefeɾensias,pʁefeʁɑ̃s
3082,klandestino,klɑ̃dɛstɛ̃
3083,moðifika,modifjɑ̃
3084,ɾexionalista,ʁeʒjonalist
3085,aɾistokɾatas,aʁistokʁat
3086,kɾeasiones,kʁeasjɔ̃
3087,kɾimenes,kʁim
3088,oɾjentasiones,oʁjɛ̃tasjɔ̃
3089,inmobiljaɾjo,imobilje
3090,inbitasiones,ɛ̃vitasjɔ̃
3091,nesesaɾjamente,nesɛsɛʁəmɑ̃
3092,fusjonaɾ,fysjone
3093,aɾxentino,aʁʒɑ̃tɛ̃
3094,nomaða,nomad
3095,autoktonas,otokton
3096,ɾampa,ʁɑ̃p
3097,mensaxeɾos,mɛsaʒe
3098,ɾesponsabiliðaðes,ʁɛspɔ̃sabilite
3099,diɾeksiones,diʁɛksjɔ̃
3100,boluntaɾjas,volɔ̃tɛʁ
3101,konsultoɾes,kɔ̃syltɑ̃
3102,fiskal,fiskal
3103,toksisiðað,tɔksisite
3104,toɾtuɣa,tɔʁty
3105,konboi,kɔ̃vwa
3106,ɾebisjones,ʁevizjɔ̃
3107,populaɾ,popylɛʁ
3108,bestixio,vɛstiʒ
3109,kombinaðo,kɔ̃bine
3110,limitaðas,limite
3111,bakante,vakɑ̃
3112,ʝstoɾjaðoɾ,istɔʁjɛ̃
3113,mobilisaɾ,mobilize
3114,institusiones,ɛ̃stitysjɔ̃
3115,ultimatum,yltimatɔm
3116,ɾekuɾso,ʁəkuʁ
3117,kontɾibusiones,kɔ̃tʁibysjɔ̃
3118,tempeɾatuɾas,tɑ̃peʁatyʁ
3119,ɡereɾa,ɡɛʁjɛʁ
3120,balistikos,balistik
3121,pɾotesta,protɛstasjɔ̃
3122,sekswal,sɛksɥɛl
3123,sentɾista,sɑ̃tʁist
3124,inmobiljaɾjas,imobiljɛʁ
3125,kolombjano,kolɔ̃bjɛ̃
3126,potensiales,potɑ̃sjɛl
3127,esteɾlinas,stɛʁliŋ
3128,oɾɣanisasiones,ɔʁɡanizasjɔ̃
3129,desiɣnaɾ,deziɲe
3130,aitjano,aisjɛ̃
3131,ɾepɾesentatiba,ʁəpʁesɑ̃tativ
3132,inteɾnasionales,ɛ̃tɛʁnasjonal
3133,aðulta,adylt
3134,esseptisismo,sɛptisism
3135,pɾaɣmatika,pʁaɡmatik
3136,tɾafiko,tʁafik
3137,litɾo,litʁ
3138,koopeɾatiba,koopeʁativ
3139,anxeles,ɑ̃ʒ
3140,sustansia,sybstɑ̃s
3141,oksiðental,ɔksidɑ̃tal
3142,konstitusiones,kɔ̃stitysjɔ̃
3143,platos,pla
3144,baɾjaɾ,vaʁje
3145,diskoteka,diskotɛk
3146,infektaðos,ɛ̃fɛkte
3147,kandiðatos,kɑ̃dida
3148,eksklwiðo,ɛkskly
3149,leones,ljɔ̃
3150,ombɾe,ɔm
3151,meðjokɾes,medjɔkʁ
3152,xeɾmenes,ʒɛʁm
3153,faboɾitos,favoʁi
3154,filtɾo,filtʁ
3155,distansias,distɑ̃s
3156,silbikultuɾa,silvikyltyʁ
3157,aislaɾ,izole
3158,institusion,ɛ̃stitysjɔ̃
3159,suðafɾikano,syd-afʁikɛ̃
3160,seɣmentos,sɛɡmɑ̃
3161,independentista,ɛ̃depɑ̃dɑ̃tist
3162,diplomas,diplom
3163,ɾeabilitasion,ʁeabilitasjɔ̃
3164,ɾelixiones,ʁəliʒjɔ̃
3165,patɾjotikas,patʁijotik
3166,siklistas,siklist
3167,desaɾme,dezaʁməmɑ̃
3168,ʝbɾiða,ibʁid
3169,silensio,silɑ̃s
3170,ɾepoɾtaxe,ʁəpɔʁtaʒ
3171,kontɾolaðos,kɔ̃tʁole
3172,bisjonaɾjo,visjonɛʁ
3173,multinasionales,myltinasjonal
3174,xiɣante,ʒeɑ̃
3175,ʝeɾbas,ɛʁb
3176,inteɾbensiones,ɛ̃tɛʁvɑ̃sjɔ̃
3177,kontɾolaðo,kɔ̃tʁole
3178,ɾaios,ʁɛjɔ̃
3179,fɾjo,fʁwa
3180,inisiatiba,inisjativ
3181,konsumiɾ,kɔ̃some
3182,kaɾikatuɾa,kaʁikatyʁ
3183,toɾtuɾa,tɔʁtyʁ
3184,mensaxes,mɛsaʒ
3185,fiksiones,fiksjɔ̃
3186,xenes,ʒɛn
3187,pɾopulsjon,propylsjɔ̃
3188,oteles,otɛl
3189,desinteɣɾasion,dezɛ̃teɡʁasjɔ̃
3190,tɾaðisional,tʁadisjonɛl
3191,intensiba,ɛ̃tɑ̃siv
3192,kwalifikaðos,kalifje
3193,kaɾabana,kaʁavan
3194,paɾentesko,paʁɑ̃te
3195,espesialistas,spesjalist
3196,dopaxe,dopaʒ
3197,ɾepɾesentaða,ʁəpʁesɑ̃te
3198,konstitusionales,kɔ̃stitysjonɛl
3199,ektaɾeas,ɛktaʁ
3200,publikaðos,pyblije
3201,limitaðo,limite
3202,dɾoɣas,dʁɔɡ
3203,koɣnitibas,koɲitiv
3204,deteɾminantes,detɛʁminɑ̃
3205,kombinaða,kɔ̃bine
3206,biblja,bibl
3207,siɾkula,siʁkyl
3208,oɾisontal,oʁizɔ̃tal
3209,maɾea,maʁe
3210,kombinando,kɔ̃binɑ̃
3211,konstitusion,kɔ̃stitysjɔ̃
3212,bendiðos,vɑ̃dy
3213,tuɾistas,tuʁist
3214,maxistɾaðo,maʒistʁa
3215,pɾomesa,promɛs
3216,konbokaɾ,kɔ̃voke
3217,manipulasion,manipylasjɔ̃
3218,ostiliðaðes,ɔstilite
3219,fɾuto,fʁɥi
3220,kleɾo,klɛʁʒe
3221,suðameɾikano,syd-ameʁikɛ̃
3222,ɾetoɾno,ʁətuʁ
3223,ɾotasion,ʁotasjɔ̃
3224,kɾeible,kʁedibl
3225,ʝðɾokaɾbuɾos,idʁokaʁbyʁ
3226,maɾksistas,maʁksist
3227,talento,talɑ̃
3228,meksikano,mɛksikɛ̃
3229,semanas,səmɛn
3230,koɾso,kɔʁs
3231,seksion,sɛksjɔ̃
3232,fɾaɣmentasion,fʁaɡmɑ̃tasjɔ̃
3233,exemplos,ɛgzɑ̃pl
3234,sekswales,sɛksɥɛl
3235,kɾistjanismo,kʁistjanism
3236,defoɾestasion,defoʁɛstasjɔ̃
3237,ɡeras,ɡɛʁ
3238,ɾekonkistaɾ,ʁəkɔ̃keʁiʁ
3239,komplexas,kɔ̃plɛks
3240,karusel,kaʁuzɛl
3241,kontɾibwiɾ,kɔ̃tʁibɥe
3242,publisitaɾjas,pyblisitɛʁ
3243,konsulaɾ,kɔ̃sylɛʁ
3244,futuɾas,fytyʁ
3245,inbasjones,ɛ̃vazjɔ̃
3246,militaɾmente,militɛʁəmɑ̃
3247,koeɾensia,koeʁɑ̃s
3248,desfaboɾable,defavoʁabl
3249,kontempoɾaneos,kɔ̃tɑ̃poʁɛ̃
3250,kilometɾos,kilomɛtʁ
3251,ɾepɾesentatibo,ʁəpʁezɑ̃tatif
3252,seɾtifikasion,sɛʁtifikasjɔ̃
3253,pasjones,pasjɔ̃
3254,kljentes,klijɑ̃
3255,domestikasion,domɛstikasjɔ̃
3256,dibeɾsifikaɾ,divɛʁsifje
3257,pɾofesjonalisasion,profɛsjonalizasjɔ̃
3258,espaɲoles,ɛspaɲɔl
3259,pɾinsesa,pʁɛ̃sɛs
3260,kontɾapaɾtiða,kɔ̃tʁəpaʁti
3261,fasil,fasil
3262,detektoɾes,detɛktœʁ
3263,paɾtiðo,paʁti
3264,eðisiones,edisjɔ̃
3265,indepenðentistas,ɛ̃depɑ̃dɑ̃tist
3266,konstɾwiɾ,kɔ̃stʁɥiʁ
3267,paɾtisipaban,paʁtisipɛ
3268,ɾepatɾjaðos,ʁapatʁije
3269,monetaɾjas,monetɛʁ
3270,kobalto,kobalt
3271,tɾatamjentos,tʁɛtəmɑ̃
3272,siɾkunskɾipsion,siʁkɔ̃skʁipsjɔ̃
3273,aseptable,aksɛptabl
3274,maɾinas,maʁin
3275,oɾðinaɾjo,ɔʁdinɛʁ
3276,noblesa,nɔblɛs
3277,xestjon,ʒɛstjɔ̃
3278,ɾeseɾba,ʁezɛʁv
3279,espaɲol,ɛspaɲɔl
3280,pɾofundiðaðes,profɔ̃dœʁ
3281,imposibles,ɛ̃posibl
3282,kateɣoɾjas,kateɡoʁi
3283,aeɾeo,aeʁjɛ̃
3284,kontɾa,kɔ̃tʁ
3285,meðikos,medəsɛ̃
3286,imaxenes,imaʒ
3287,kobeɾtuɾa,kuvɛʁtyʁ
3288,notas,nɔt
3289,bitaliðað,vitalite
3290,siɾkunskɾipsiones,siʁkɔ̃skʁipsjɔ̃
3291,pɾomobeɾ,promuvwaʁ
3292,estatuto,staty
3293,inmeðjata,imedjat
3294,depende,depɑ̃
3295,diktaðuɾa,diktatyʁ
3296,aðbeɾsaɾjos,advɛʁsɛʁ
3297,blokes,blɔk
3298,defensibo,defɑ̃sif
3299,independjentes,ɛ̃depɑ̃dɑ̃
3300,komplexiðað,kɔ̃plɛksite
3301,doblaxe,dublaʒ
3302,konfiɾmaðas,kɔ̃fiʁme
3303,pɾeroɣatibas,pʁeʁoɡativ
3304,djamante,djamɑ̃
3305,aɾabes,aʁab
3306,ɾeɣwlaɾmente,ʁeɡyljɛʁəmɑ̃
3307,fasilmente,fasiləmɑ̃
3308,supeɾestɾeʝa,sypɛʁstaʁ
3309,ilustɾan,ilystʁ
3310,plaias,plaʒ
3311,intakta,ɛ̃takt
3312,oɾɣanisaðoɾes,ɔʁɡanizatœʁ
3313,maɾeas,maʁe
3314,soliðos,solid
3315,foɾsando,fɔʁsɑ̃
3316,polaɾisasion,polaʁizasjɔ̃
3317,tendensias,tɑ̃dɑ̃s
3318,ɾespiɾatoɾjas,ʁɛspiʁatwaʁ
3319,sitaɾ,site
3320,monoɣɾafjas,monoɡʁafi
3321,fɾonteɾisos,fʁɔ̃talje
3322,intensibo,ɛ̃tɑ̃sif
3323,kaskaða,kaskad
3324,klubes,klœb
3325,ɾuptuɾa,ʁyptyʁ
3326,fleksibiliðað,flɛksibilite
3327,eskandalo,skɑ̃dal
3328,aljansa,aljɑ̃s
3329,koðifikasion,kodifikasjɔ̃
3330,ʝbɾiðas,ibʁid
3331,ʃaɾja,ʃaʁja
3332,abandonaðos,abɑ̃done
3333,konklwiɾ,kɔ̃klyʁ
3334,ɾekompensa,ʁekɔ̃pɑ̃s
3335,plomo,plɔ̃
3336,oseanos,oseɑ̃
3337,pɾoloɣo,prolɔɡ
3338,monaɾka,monaʁk
3339,diplomatikas,diplomatik
3340,kalkulaðo,kalkyle
3341,imposible,ɛ̃posibl
3342,sentimos,sɑ̃tim
3343,neɣosiaɾ,neɡosje
3344,etnjas,ɛtni
3345,imaxinaɾjas,imaʒinɛʁ
3346,diɾektamente,diʁɛktəmɑ̃
3347,otomano,otomɑ̃
3348,ɾekomjenda,ʁəkomɑ̃d
3349,kolektibiðað,kolɛktivite
3350,albanes,albanɛ
3351,kontɾaɾjas,kɔ̃tʁɛʁ
3352,maseðonja,masedonjɛn
3353,abstɾakto,abstʁɛ
3354,ekonomista,ekonomist
3355,futuɾa,fytyʁ
3356,ɾestauɾasion,ʁɛstoʁasjɔ̃
3357,kopɾoðuksion,koprodyksjɔ̃
3358,eksklwiðos,ɛkskly
3359,inminente,ɛminɑ̃t
3360,xeneɾasiones,ʒeneʁasjɔ̃
3361,tɾatamjento,tʁɛtəmɑ̃
3362,ɾotasiones,ʁotasjɔ̃
3363,kɾiminal,kʁiminɛl
3364,pɾefekto,pʁefɛ
3365,enteraða,ɑ̃tɛʁe
3366,ɡɾanaðas,ɡʁənad
3367,moðeɾnas,modɛʁn
3368,defensibos,defɑ̃sif
